user_id,action_name,recent_count,time_window,positive_label,pattern_id,baseline_count,count_7d,count_30d,lift,recent_concentration,reason
user_000946,大样本近期高频_0000,4,last_7_days,1,large_high_freq_0000,0.0,4,4,8.0,1.0,recent_frequency_increase
user_000712,大样本近期高频_0001,5,last_7_days,1,large_high_freq_0001,0.3333333333333333,5,6,10.0,0.833333,recent_frequency_increase
user_001660,大样本近期高频_0002,6,last_7_days,1,large_high_freq_0002,0.0,6,6,12.0,1.0,recent_frequency_increase
user_000993,大样本近期高频_0003,7,last_7_days,1,large_high_freq_0003,0.3333333333333333,7,8,14.0,0.875,recent_frequency_increase
user_000960,大样本近期高频_0004,8,last_7_days,1,large_high_freq_0004,0.0,8,8,16.0,1.0,recent_frequency_increase
user_000446,大样本近期高频_0005,4,last_7_days,1,large_high_freq_0005,0.3333333333333333,4,5,8.0,0.8,recent_frequency_increase
user_000906,大样本近期高频_0006,5,last_7_days,1,large_high_freq_0006,0.0,5,5,10.0,1.0,recent_frequency_increase
user_000819,大样本近期高频_0007,6,last_7_days,1,large_high_freq_0007,0.3333333333333333,6,7,12.0,0.857143,recent_frequency_increase
user_000465,大样本近期高频_0008,7,last_7_days,1,large_high_freq_0008,0.0,7,7,14.0,1.0,recent_frequency_increase
user_001561,大样本近期高频_0009,8,last_7_days,1,large_high_freq_0009,0.3333333333333333,8,9,16.0,0.888889,recent_frequency_increase
user_001729,大样本近期高频_0010,4,last_7_days,1,large_high_freq_0010,0.0,4,4,8.0,1.0,recent_frequency_increase
user_000983,大样本近期高频_0011,5,last_7_days,1,large_high_freq_0011,0.3333333333333333,5,6,10.0,0.833333,recent_frequency_increase
user_001654,大样本近期高频_0012,6,last_7_days,1,large_high_freq_0012,0.0,6,6,12.0,1.0,recent_frequency_increase
user_001619,大样本近期高频_0013,7,last_7_days,1,large_high_freq_0013,0.3333333333333333,7,8,14.0,0.875,recent_frequency_increase
user_001281,大样本近期高频_0014,8,last_7_days,1,large_high_freq_0014,0.0,8,8,16.0,1.0,recent_frequency_increase
user_000431,大样本近期高频_0015,4,last_7_days,1,large_high_freq_0015,0.3333333333333333,4,5,8.0,0.8,recent_frequency_increase
user_000217,大样本近期高频_0016,5,last_7_days,1,large_high_freq_0016,0.0,5,5,10.0,1.0,recent_frequency_increase
user_001206,大样本近期高频_0017,6,last_7_days,1,large_high_freq_0017,0.3333333333333333,6,7,12.0,0.857143,recent_frequency_increase
user_001572,大样本近期高频_0018,7,last_7_days,1,large_high_freq_0018,0.0,7,7,14.0,1.0,recent_frequency_increase
user_001838,大样本近期高频_0019,8,last_7_days,1,large_high_freq_0019,0.3333333333333333,8,9,16.0,0.888889,recent_frequency_increase
user_001478,大样本近期高频_0020,4,last_7_days,1,large_high_freq_0020,0.0,4,4,8.0,1.0,recent_frequency_increase
user_000499,大样本近期高频_0021,5,last_7_days,1,large_high_freq_0021,0.3333333333333333,5,6,10.0,0.833333,recent_frequency_increase
user_000739,大样本近期高频_0022,6,last_7_days,1,large_high_freq_0022,0.0,6,6,12.0,1.0,recent_frequency_increase
user_000898,大样本近期高频_0023,7,last_7_days,1,large_high_freq_0023,0.3333333333333333,7,8,14.0,0.875,recent_frequency_increase
user_001584,大样本近期高频_0024,8,last_7_days,1,large_high_freq_0024,0.0,8,8,16.0,1.0,recent_frequency_increase
user_001276,大样本近期高频_0025,4,last_7_days,1,large_high_freq_0025,0.3333333333333333,4,5,8.0,0.8,recent_frequency_increase
user_001374,大样本近期高频_0026,5,last_7_days,1,large_high_freq_0026,0.0,5,5,10.0,1.0,recent_frequency_increase
user_001209,大样本近期高频_0027,6,last_7_days,1,large_high_freq_0027,0.3333333333333333,6,7,12.0,0.857143,recent_frequency_increase
user_001862,大样本近期高频_0028,7,last_7_days,1,large_high_freq_0028,0.0,7,7,14.0,1.0,recent_frequency_increase
user_000868,大样本近期高频_0029,8,last_7_days,1,large_high_freq_0029,0.3333333333333333,8,9,16.0,0.888889,recent_frequency_increase
user_001234,大样本近期高频_0030,4,last_7_days,1,large_high_freq_0030,0.0,4,4,8.0,1.0,recent_frequency_increase
user_000654,大样本近期高频_0031,5,last_7_days,1,large_high_freq_0031,0.3333333333333333,5,6,10.0,0.833333,recent_frequency_increase
user_001653,大样本近期高频_0032,6,last_7_days,1,large_high_freq_0032,0.0,6,6,12.0,1.0,recent_frequency_increase
user_001164,大样本近期高频_0033,7,last_7_days,1,large_high_freq_0033,0.3333333333333333,7,8,14.0,0.875,recent_frequency_increase
user_001911,大样本近期高频_0034,8,last_7_days,1,large_high_freq_0034,0.0,8,8,16.0,1.0,recent_frequency_increase
user_001403,大样本近期高频_0035,4,last_7_days,1,large_high_freq_0035,0.3333333333333333,4,5,8.0,0.8,recent_frequency_increase
user_000884,大样本近期高频_0036,5,last_7_days,1,large_high_freq_0036,0.0,5,5,10.0,1.0,recent_frequency_increase
user_001795,大样本近期高频_0037,6,last_7_days,1,large_high_freq_0037,0.3333333333333333,6,7,12.0,0.857143,recent_frequency_increase
user_001953,大样本近期高频_0038,7,last_7_days,1,large_high_freq_0038,0.0,7,7,14.0,1.0,recent_frequency_increase
user_001578,大样本近期高频_0039,8,last_7_days,1,large_high_freq_0039,0.3333333333333333,8,9,16.0,0.888889,recent_frequency_increase
user_001703,大样本近期高频_0040,4,last_7_days,1,large_high_freq_0040,0.0,4,4,8.0,1.0,recent_frequency_increase
user_000523,大样本近期高频_0041,5,last_7_days,1,large_high_freq_0041,0.3333333333333333,5,6,10.0,0.833333,recent_frequency_increase
user_001266,大样本近期高频_0042,6,last_7_days,1,large_high_freq_0042,0.0,6,6,12.0,1.0,recent_frequency_increase
user_001608,大样本近期高频_0043,7,last_7_days,1,large_high_freq_0043,0.3333333333333333,7,8,14.0,0.875,recent_frequency_increase
user_001179,大样本近期高频_0044,8,last_7_days,1,large_high_freq_0044,0.0,8,8,16.0,1.0,recent_frequency_increase
user_000300,大样本近期高频_0045,4,last_7_days,1,large_high_freq_0045,0.3333333333333333,4,5,8.0,0.8,recent_frequency_increase
user_000619,大样本近期高频_0046,5,last_7_days,1,large_high_freq_0046,0.0,5,5,10.0,1.0,recent_frequency_increase
user_001089,大样本近期高频_0047,6,last_7_days,1,large_high_freq_0047,0.3333333333333333,6,7,12.0,0.857143,recent_frequency_increase
user_001594,大样本近期高频_0048,7,last_7_days,1,large_high_freq_0048,0.0,7,7,14.0,1.0,recent_frequency_increase
user_000437,大样本近期高频_0049,8,last_7_days,1,large_high_freq_0049,0.3333333333333333,8,9,16.0,0.888889,recent_frequency_increase
user_001512,大样本近期高频_0050,4,last_7_days,1,large_high_freq_0050,0.0,4,4,8.0,1.0,recent_frequency_increase
user_001616,大样本近期高频_0051,5,last_7_days,1,large_high_freq_0051,0.3333333333333333,5,6,10.0,0.833333,recent_frequency_increase
user_000377,大样本近期高频_0052,6,last_7_days,1,large_high_freq_0052,0.0,6,6,12.0,1.0,recent_frequency_increase
user_000791,大样本近期高频_0053,7,last_7_days,1,large_high_freq_0053,0.3333333333333333,7,8,14.0,0.875,recent_frequency_increase
user_001144,大样本近期高频_0054,8,last_7_days,1,large_high_freq_0054,0.0,8,8,16.0,1.0,recent_frequency_increase
user_000516,大样本近期高频_0055,4,last_7_days,1,large_high_freq_0055,0.3333333333333333,4,5,8.0,0.8,recent_frequency_increase
user_001612,大样本近期高频_0056,5,last_7_days,1,large_high_freq_0056,0.0,5,5,10.0,1.0,recent_frequency_increase
user_000249,大样本近期高频_0057,6,last_7_days,1,large_high_freq_0057,0.3333333333333333,6,7,12.0,0.857143,recent_frequency_increase
user_001311,大样本近期高频_0058,7,last_7_days,1,large_high_freq_0058,0.0,7,7,14.0,1.0,recent_frequency_increase
user_001075,大样本近期高频_0059,8,last_7_days,1,large_high_freq_0059,0.3333333333333333,8,9,16.0,0.888889,recent_frequency_increase
user_001016,大样本近期高频_0060,4,last_7_days,1,large_high_freq_0060,0.0,4,4,8.0,1.0,recent_frequency_increase
user_000339,大样本近期高频_0061,5,last_7_days,1,large_high_freq_0061,0.3333333333333333,5,6,10.0,0.833333,recent_frequency_increase
user_000053,大样本近期高频_0062,6,last_7_days,1,large_high_freq_0062,0.0,6,6,12.0,1.0,recent_frequency_increase
user_001670,大样本近期高频_0063,7,last_7_days,1,large_high_freq_0063,0.3333333333333333,7,8,14.0,0.875,recent_frequency_increase
user_000409,大样本近期高频_0064,8,last_7_days,1,large_high_freq_0064,0.0,8,8,16.0,1.0,recent_frequency_increase
user_000935,大样本近期高频_0065,4,last_7_days,1,large_high_freq_0065,0.3333333333333333,4,5,8.0,0.8,recent_frequency_increase
user_000829,大样本近期高频_0066,5,last_7_days,1,large_high_freq_0066,0.0,5,5,10.0,1.0,recent_frequency_increase
user_001785,大样本近期高频_0067,6,last_7_days,1,large_high_freq_0067,0.3333333333333333,6,7,12.0,0.857143,recent_frequency_increase
user_001549,大样本近期高频_0068,7,last_7_days,1,large_high_freq_0068,0.0,7,7,14.0,1.0,recent_frequency_increase
user_000453,大样本近期高频_0069,8,last_7_days,1,large_high_freq_0069,0.3333333333333333,8,9,16.0,0.888889,recent_frequency_increase
user_000387,大样本近期高频_0070,4,last_7_days,1,large_high_freq_0070,0.0,4,4,8.0,1.0,recent_frequency_increase
user_000164,大样本近期高频_0071,5,last_7_days,1,large_high_freq_0071,0.3333333333333333,5,6,10.0,0.833333,recent_frequency_increase
user_001648,大样本近期高频_0072,6,last_7_days,1,large_high_freq_0072,0.0,6,6,12.0,1.0,recent_frequency_increase
user_000990,大样本近期高频_0073,7,last_7_days,1,large_high_freq_0073,0.3333333333333333,7,8,14.0,0.875,recent_frequency_increase
user_001324,大样本近期高频_0074,8,last_7_days,1,large_high_freq_0074,0.0,8,8,16.0,1.0,recent_frequency_increase
user_001782,大样本近期高频_0075,4,last_7_days,1,large_high_freq_0075,0.3333333333333333,4,5,8.0,0.8,recent_frequency_increase
user_000028,大样本近期高频_0076,5,last_7_days,1,large_high_freq_0076,0.0,5,5,10.0,1.0,recent_frequency_increase
user_001607,大样本近期高频_0077,6,last_7_days,1,large_high_freq_0077,0.3333333333333333,6,7,12.0,0.857143,recent_frequency_increase
user_000134,大样本近期高频_0078,7,last_7_days,1,large_high_freq_0078,0.0,7,7,14.0,1.0,recent_frequency_increase
user_001752,大样本近期高频_0079,8,last_7_days,1,large_high_freq_0079,0.3333333333333333,8,9,16.0,0.888889,recent_frequency_increase
user_001388,大样本近期高频_0080,4,last_7_days,1,large_high_freq_0080,0.0,4,4,8.0,1.0,recent_frequency_increase
user_000634,大样本近期高频_0081,5,last_7_days,1,large_high_freq_0081,0.3333333333333333,5,6,10.0,0.833333,recent_frequency_increase
user_001370,大样本近期高频_0082,6,last_7_days,1,large_high_freq_0082,0.0,6,6,12.0,1.0,recent_frequency_increase
user_000305,大样本近期高频_0083,7,last_7_days,1,large_high_freq_0083,0.3333333333333333,7,8,14.0,0.875,recent_frequency_increase
user_000130,大样本近期高频_0084,8,last_7_days,1,large_high_freq_0084,0.0,8,8,16.0,1.0,recent_frequency_increase
user_001708,大样本近期高频_0085,4,last_7_days,1,large_high_freq_0085,0.3333333333333333,4,5,8.0,0.8,recent_frequency_increase
user_000521,大样本近期高频_0086,5,last_7_days,1,large_high_freq_0086,0.0,5,5,10.0,1.0,recent_frequency_increase
user_000041,大样本近期高频_0087,6,last_7_days,1,large_high_freq_0087,0.3333333333333333,6,7,12.0,0.857143,recent_frequency_increase
user_001499,大样本近期高频_0088,7,last_7_days,1,large_high_freq_0088,0.0,7,7,14.0,1.0,recent_frequency_increase
user_001093,大样本近期高频_0089,8,last_7_days,1,large_high_freq_0089,0.3333333333333333,8,9,16.0,0.888889,recent_frequency_increase
user_001065,大样本近期高频_0090,4,last_7_days,1,large_high_freq_0090,0.0,4,4,8.0,1.0,recent_frequency_increase
user_000565,大样本近期高频_0091,5,last_7_days,1,large_high_freq_0091,0.3333333333333333,5,6,10.0,0.833333,recent_frequency_increase
user_001523,大样本近期高频_0092,6,last_7_days,1,large_high_freq_0092,0.0,6,6,12.0,1.0,recent_frequency_increase
user_001186,大样本近期高频_0093,7,last_7_days,1,large_high_freq_0093,0.3333333333333333,7,8,14.0,0.875,recent_frequency_increase
user_001821,大样本近期高频_0094,8,last_7_days,1,large_high_freq_0094,0.0,8,8,16.0,1.0,recent_frequency_increase
user_000576,大样本近期高频_0095,4,last_7_days,1,large_high_freq_0095,0.3333333333333333,4,5,8.0,0.8,recent_frequency_increase
user_000146,大样本近期高频_0096,5,last_7_days,1,large_high_freq_0096,0.0,5,5,10.0,1.0,recent_frequency_increase
user_000424,大样本近期高频_0097,6,last_7_days,1,large_high_freq_0097,0.3333333333333333,6,7,12.0,0.857143,recent_frequency_increase
user_001064,大样本近期高频_0098,7,last_7_days,1,large_high_freq_0098,0.0,7,7,14.0,1.0,recent_frequency_increase
user_001860,大样本近期高频_0099,8,last_7_days,1,large_high_freq_0099,0.3333333333333333,8,9,16.0,0.888889,recent_frequency_increase
user_000345,大样本近期高频_0100,4,last_7_days,1,large_high_freq_0100,0.0,4,4,8.0,1.0,recent_frequency_increase
user_000149,大样本近期高频_0101,5,last_7_days,1,large_high_freq_0101,0.3333333333333333,5,6,10.0,0.833333,recent_frequency_increase
user_000874,大样本近期高频_0102,6,last_7_days,1,large_high_freq_0102,0.0,6,6,12.0,1.0,recent_frequency_increase
user_001681,大样本近期高频_0103,7,last_7_days,1,large_high_freq_0103,0.3333333333333333,7,8,14.0,0.875,recent_frequency_increase
user_000757,大样本近期高频_0104,8,last_7_days,1,large_high_freq_0104,0.0,8,8,16.0,1.0,recent_frequency_increase
user_001055,大样本近期高频_0105,4,last_7_days,1,large_high_freq_0105,0.3333333333333333,4,5,8.0,0.8,recent_frequency_increase
user_000208,大样本近期高频_0106,5,last_7_days,1,large_high_freq_0106,0.0,5,5,10.0,1.0,recent_frequency_increase
user_000956,大样本近期高频_0107,6,last_7_days,1,large_high_freq_0107,0.3333333333333333,6,7,12.0,0.857143,recent_frequency_increase
user_001731,大样本近期高频_0108,7,last_7_days,1,large_high_freq_0108,0.0,7,7,14.0,1.0,recent_frequency_increase
user_001898,大样本近期高频_0109,8,last_7_days,1,large_high_freq_0109,0.3333333333333333,8,9,16.0,0.888889,recent_frequency_increase
user_000100,大样本近期高频_0110,4,last_7_days,1,large_high_freq_0110,0.0,4,4,8.0,1.0,recent_frequency_increase
user_000732,大样本近期高频_0111,5,last_7_days,1,large_high_freq_0111,0.3333333333333333,5,6,10.0,0.833333,recent_frequency_increase
user_001640,大样本近期高频_0112,6,last_7_days,1,large_high_freq_0112,0.0,6,6,12.0,1.0,recent_frequency_increase
user_000940,大样本近期高频_0113,7,last_7_days,1,large_high_freq_0113,0.3333333333333333,7,8,14.0,0.875,recent_frequency_increase
user_001750,大样本近期高频_0114,8,last_7_days,1,large_high_freq_0114,0.0,8,8,16.0,1.0,recent_frequency_increase
user_000714,大样本近期高频_0115,4,last_7_days,1,large_high_freq_0115,0.3333333333333333,4,5,8.0,0.8,recent_frequency_increase
user_001890,大样本近期高频_0116,5,last_7_days,1,large_high_freq_0116,0.0,5,5,10.0,1.0,recent_frequency_increase
user_000265,大样本近期高频_0117,6,last_7_days,1,large_high_freq_0117,0.3333333333333333,6,7,12.0,0.857143,recent_frequency_increase
user_000036,大样本近期高频_0118,7,last_7_days,1,large_high_freq_0118,0.0,7,7,14.0,1.0,recent_frequency_increase
user_000012,大样本近期高频_0119,8,last_7_days,1,large_high_freq_0119,0.3333333333333333,8,9,16.0,0.888889,recent_frequency_increase
user_000535,大样本近期高频_0120,4,last_7_days,1,large_high_freq_0120,0.0,4,4,8.0,1.0,recent_frequency_increase
user_001158,大样本近期高频_0121,5,last_7_days,1,large_high_freq_0121,0.3333333333333333,5,6,10.0,0.833333,recent_frequency_increase
user_001438,大样本近期高频_0122,6,last_7_days,1,large_high_freq_0122,0.0,6,6,12.0,1.0,recent_frequency_increase
user_001781,大样本近期高频_0123,7,last_7_days,1,large_high_freq_0123,0.3333333333333333,7,8,14.0,0.875,recent_frequency_increase
user_001133,大样本近期高频_0124,8,last_7_days,1,large_high_freq_0124,0.0,8,8,16.0,1.0,recent_frequency_increase
user_001790,大样本近期高频_0125,4,last_7_days,1,large_high_freq_0125,0.3333333333333333,4,5,8.0,0.8,recent_frequency_increase
user_000488,大样本近期高频_0126,5,last_7_days,1,large_high_freq_0126,0.0,5,5,10.0,1.0,recent_frequency_increase
user_001872,大样本近期高频_0127,6,last_7_days,1,large_high_freq_0127,0.3333333333333333,6,7,12.0,0.857143,recent_frequency_increase
user_000055,大样本近期高频_0128,7,last_7_days,1,large_high_freq_0128,0.0,7,7,14.0,1.0,recent_frequency_increase
user_001104,大样本近期高频_0129,8,last_7_days,1,large_high_freq_0129,0.3333333333333333,8,9,16.0,0.888889,recent_frequency_increase
user_001940,大样本近期高频_0130,4,last_7_days,1,large_high_freq_0130,0.0,4,4,8.0,1.0,recent_frequency_increase
user_001402,大样本近期高频_0131,5,last_7_days,1,large_high_freq_0131,0.3333333333333333,5,6,10.0,0.833333,recent_frequency_increase
user_000414,大样本近期高频_0132,6,last_7_days,1,large_high_freq_0132,0.0,6,6,12.0,1.0,recent_frequency_increase
user_001865,大样本近期高频_0133,7,last_7_days,1,large_high_freq_0133,0.3333333333333333,7,8,14.0,0.875,recent_frequency_increase
user_001968,大样本近期高频_0134,8,last_7_days,1,large_high_freq_0134,0.0,8,8,16.0,1.0,recent_frequency_increase
user_001907,大样本近期高频_0135,4,last_7_days,1,large_high_freq_0135,0.3333333333333333,4,5,8.0,0.8,recent_frequency_increase
user_001162,大样本近期高频_0136,5,last_7_days,1,large_high_freq_0136,0.0,5,5,10.0,1.0,recent_frequency_increase
user_000879,大样本近期高频_0137,6,last_7_days,1,large_high_freq_0137,0.3333333333333333,6,7,12.0,0.857143,recent_frequency_increase
user_000279,大样本近期高频_0138,7,last_7_days,1,large_high_freq_0138,0.0,7,7,14.0,1.0,recent_frequency_increase
user_000252,大样本近期高频_0139,8,last_7_days,1,large_high_freq_0139,0.3333333333333333,8,9,16.0,0.888889,recent_frequency_increase
user_001285,大样本近期高频_0140,4,last_7_days,1,large_high_freq_0140,0.0,4,4,8.0,1.0,recent_frequency_increase
user_000563,大样本近期高频_0141,5,last_7_days,1,large_high_freq_0141,0.3333333333333333,5,6,10.0,0.833333,recent_frequency_increase
user_001398,大样本近期高频_0142,6,last_7_days,1,large_high_freq_0142,0.0,6,6,12.0,1.0,recent_frequency_increase
user_001684,大样本近期高频_0143,7,last_7_days,1,large_high_freq_0143,0.3333333333333333,7,8,14.0,0.875,recent_frequency_increase
user_000628,大样本近期高频_0144,8,last_7_days,1,large_high_freq_0144,0.0,8,8,16.0,1.0,recent_frequency_increase
user_000353,大样本近期高频_0145,4,last_7_days,1,large_high_freq_0145,0.3333333333333333,4,5,8.0,0.8,recent_frequency_increase
user_000299,大样本近期高频_0146,5,last_7_days,1,large_high_freq_0146,0.0,5,5,10.0,1.0,recent_frequency_increase
user_000578,大样本近期高频_0147,6,last_7_days,1,large_high_freq_0147,0.3333333333333333,6,7,12.0,0.857143,recent_frequency_increase
user_001809,大样本近期高频_0148,7,last_7_days,1,large_high_freq_0148,0.0,7,7,14.0,1.0,recent_frequency_increase
user_001748,大样本近期高频_0149,8,last_7_days,1,large_high_freq_0149,0.3333333333333333,8,9,16.0,0.888889,recent_frequency_increase
user_001460,大样本近期高频_0150,4,last_7_days,1,large_high_freq_0150,0.0,4,4,8.0,1.0,recent_frequency_increase
user_000947,大样本近期高频_0151,5,last_7_days,1,large_high_freq_0151,0.3333333333333333,5,6,10.0,0.833333,recent_frequency_increase
user_001450,大样本近期高频_0152,6,last_7_days,1,large_high_freq_0152,0.0,6,6,12.0,1.0,recent_frequency_increase
user_000171,大样本近期高频_0153,7,last_7_days,1,large_high_freq_0153,0.3333333333333333,7,8,14.0,0.875,recent_frequency_increase
user_001127,大样本近期高频_0154,8,last_7_days,1,large_high_freq_0154,0.0,8,8,16.0,1.0,recent_frequency_increase
user_001754,大样本近期高频_0155,4,last_7_days,1,large_high_freq_0155,0.3333333333333333,4,5,8.0,0.8,recent_frequency_increase
user_001295,大样本近期高频_0156,5,last_7_days,1,large_high_freq_0156,0.0,5,5,10.0,1.0,recent_frequency_increase
user_000184,大样本近期高频_0157,6,last_7_days,1,large_high_freq_0157,0.3333333333333333,6,7,12.0,0.857143,recent_frequency_increase
user_000722,大样本近期高频_0158,7,last_7_days,1,large_high_freq_0158,0.0,7,7,14.0,1.0,recent_frequency_increase
user_001553,大样本近期高频_0159,8,last_7_days,1,large_high_freq_0159,0.3333333333333333,8,9,16.0,0.888889,recent_frequency_increase
user_000289,大样本近期高频_0160,4,last_7_days,1,large_high_freq_0160,0.0,4,4,8.0,1.0,recent_frequency_increase
user_000617,大样本近期高频_0161,5,last_7_days,1,large_high_freq_0161,0.3333333333333333,5,6,10.0,0.833333,recent_frequency_increase
user_000640,大样本近期高频_0162,6,last_7_days,1,large_high_freq_0162,0.0,6,6,12.0,1.0,recent_frequency_increase
user_001823,大样本近期高频_0163,7,last_7_days,1,large_high_freq_0163,0.3333333333333333,7,8,14.0,0.875,recent_frequency_increase
user_001503,大样本近期高频_0164,8,last_7_days,1,large_high_freq_0164,0.0,8,8,16.0,1.0,recent_frequency_increase
user_001520,大样本近期高频_0165,4,last_7_days,1,large_high_freq_0165,0.3333333333333333,4,5,8.0,0.8,recent_frequency_increase
user_000014,大样本近期高频_0166,5,last_7_days,1,large_high_freq_0166,0.0,5,5,10.0,1.0,recent_frequency_increase
user_000199,大样本近期高频_0167,6,last_7_days,1,large_high_freq_0167,0.3333333333333333,6,7,12.0,0.857143,recent_frequency_increase
user_000836,大样本近期高频_0168,7,last_7_days,1,large_high_freq_0168,0.0,7,7,14.0,1.0,recent_frequency_increase
user_000998,大样本近期高频_0169,8,last_7_days,1,large_high_freq_0169,0.3333333333333333,8,9,16.0,0.888889,recent_frequency_increase
user_000511,大样本近期高频_0170,4,last_7_days,1,large_high_freq_0170,0.0,4,4,8.0,1.0,recent_frequency_increase
user_000295,大样本近期高频_0171,5,last_7_days,1,large_high_freq_0171,0.3333333333333333,5,6,10.0,0.833333,recent_frequency_increase
user_000701,大样本近期高频_0172,6,last_7_days,1,large_high_freq_0172,0.0,6,6,12.0,1.0,recent_frequency_increase
user_000245,大样本近期高频_0173,7,last_7_days,1,large_high_freq_0173,0.3333333333333333,7,8,14.0,0.875,recent_frequency_increase
user_000382,大样本近期高频_0174,8,last_7_days,1,large_high_freq_0174,0.0,8,8,16.0,1.0,recent_frequency_increase
user_001433,大样本近期高频_0175,4,last_7_days,1,large_high_freq_0175,0.3333333333333333,4,5,8.0,0.8,recent_frequency_increase
user_000510,大样本近期高频_0176,5,last_7_days,1,large_high_freq_0176,0.0,5,5,10.0,1.0,recent_frequency_increase
user_001840,大样本近期高频_0177,6,last_7_days,1,large_high_freq_0177,0.3333333333333333,6,7,12.0,0.857143,recent_frequency_increase
user_000278,大样本近期高频_0178,7,last_7_days,1,large_high_freq_0178,0.0,7,7,14.0,1.0,recent_frequency_increase
user_000782,大样本近期高频_0179,8,last_7_days,1,large_high_freq_0179,0.3333333333333333,8,9,16.0,0.888889,recent_frequency_increase
user_000554,大样本近期高频_0180,4,last_7_days,1,large_high_freq_0180,0.0,4,4,8.0,1.0,recent_frequency_increase
user_001181,大样本近期高频_0181,5,last_7_days,1,large_high_freq_0181,0.3333333333333333,5,6,10.0,0.833333,recent_frequency_increase
user_001137,大样本近期高频_0182,6,last_7_days,1,large_high_freq_0182,0.0,6,6,12.0,1.0,recent_frequency_increase
user_000790,大样本近期高频_0183,7,last_7_days,1,large_high_freq_0183,0.3333333333333333,7,8,14.0,0.875,recent_frequency_increase
user_001050,大样本近期高频_0184,8,last_7_days,1,large_high_freq_0184,0.0,8,8,16.0,1.0,recent_frequency_increase
user_000670,大样本近期高频_0185,4,last_7_days,1,large_high_freq_0185,0.3333333333333333,4,5,8.0,0.8,recent_frequency_increase
user_000690,大样本近期高频_0186,5,last_7_days,1,large_high_freq_0186,0.0,5,5,10.0,1.0,recent_frequency_increase
user_001200,大样本近期高频_0187,6,last_7_days,1,large_high_freq_0187,0.3333333333333333,6,7,12.0,0.857143,recent_frequency_increase
user_001567,大样本近期高频_0188,7,last_7_days,1,large_high_freq_0188,0.0,7,7,14.0,1.0,recent_frequency_increase
user_000596,大样本近期高频_0189,8,last_7_days,1,large_high_freq_0189,0.3333333333333333,8,9,16.0,0.888889,recent_frequency_increase
user_000376,大样本近期高频_0190,4,last_7_days,1,large_high_freq_0190,0.0,4,4,8.0,1.0,recent_frequency_increase
user_000627,大样本近期高频_0191,5,last_7_days,1,large_high_freq_0191,0.3333333333333333,5,6,10.0,0.833333,recent_frequency_increase
user_001007,大样本近期高频_0192,6,last_7_days,1,large_high_freq_0192,0.0,6,6,12.0,1.0,recent_frequency_increase
user_000987,大样本近期高频_0193,7,last_7_days,1,large_high_freq_0193,0.3333333333333333,7,8,14.0,0.875,recent_frequency_increase
user_001762,大样本近期高频_0194,8,last_7_days,1,large_high_freq_0194,0.0,8,8,16.0,1.0,recent_frequency_increase
user_000320,大样本近期高频_0195,4,last_7_days,1,large_high_freq_0195,0.3333333333333333,4,5,8.0,0.8,recent_frequency_increase
user_000439,大样本近期高频_0196,5,last_7_days,1,large_high_freq_0196,0.0,5,5,10.0,1.0,recent_frequency_increase
user_001146,大样本近期高频_0197,6,last_7_days,1,large_high_freq_0197,0.3333333333333333,6,7,12.0,0.857143,recent_frequency_increase
user_001563,大样本近期高频_0198,7,last_7_days,1,large_high_freq_0198,0.0,7,7,14.0,1.0,recent_frequency_increase
user_000447,大样本近期高频_0199,8,last_7_days,1,large_high_freq_0199,0.3333333333333333,8,9,16.0,0.888889,recent_frequency_increase
user_001934,大样本近期高频_0200,4,last_7_days,1,large_high_freq_0200,0.0,4,4,8.0,1.0,recent_frequency_increase
user_000890,大样本近期高频_0201,5,last_7_days,1,large_high_freq_0201,0.3333333333333333,5,6,10.0,0.833333,recent_frequency_increase
user_001918,大样本近期高频_0202,6,last_7_days,1,large_high_freq_0202,0.0,6,6,12.0,1.0,recent_frequency_increase
user_000708,大样本近期高频_0203,7,last_7_days,1,large_high_freq_0203,0.3333333333333333,7,8,14.0,0.875,recent_frequency_increase
user_001816,大样本近期高频_0204,8,last_7_days,1,large_high_freq_0204,0.0,8,8,16.0,1.0,recent_frequency_increase
user_001360,大样本近期高频_0205,4,last_7_days,1,large_high_freq_0205,0.3333333333333333,4,5,8.0,0.8,recent_frequency_increase
user_001603,大样本近期高频_0206,5,last_7_days,1,large_high_freq_0206,0.0,5,5,10.0,1.0,recent_frequency_increase
user_000051,大样本近期高频_0207,6,last_7_days,1,large_high_freq_0207,0.3333333333333333,6,7,12.0,0.857143,recent_frequency_increase
user_000594,大样本近期高频_0208,7,last_7_days,1,large_high_freq_0208,0.0,7,7,14.0,1.0,recent_frequency_increase
user_000844,大样本近期高频_0209,8,last_7_days,1,large_high_freq_0209,0.3333333333333333,8,9,16.0,0.888889,recent_frequency_increase
user_000166,大样本近期高频_0210,4,last_7_days,1,large_high_freq_0210,0.0,4,4,8.0,1.0,recent_frequency_increase
user_001405,大样本近期高频_0211,5,last_7_days,1,large_high_freq_0211,0.3333333333333333,5,6,10.0,0.833333,recent_frequency_increase
user_000226,大样本近期高频_0212,6,last_7_days,1,large_high_freq_0212,0.0,6,6,12.0,1.0,recent_frequency_increase
user_001671,大样本近期高频_0213,7,last_7_days,1,large_high_freq_0213,0.3333333333333333,7,8,14.0,0.875,recent_frequency_increase
user_001334,大样本近期高频_0214,8,last_7_days,1,large_high_freq_0214,0.0,8,8,16.0,1.0,recent_frequency_increase
user_000659,大样本近期高频_0215,4,last_7_days,1,large_high_freq_0215,0.3333333333333333,4,5,8.0,0.8,recent_frequency_increase
user_001864,大样本近期高频_0216,5,last_7_days,1,large_high_freq_0216,0.0,5,5,10.0,1.0,recent_frequency_increase
user_001627,大样本近期高频_0217,6,last_7_days,1,large_high_freq_0217,0.3333333333333333,6,7,12.0,0.857143,recent_frequency_increase
user_001310,大样本近期高频_0218,7,last_7_days,1,large_high_freq_0218,0.0,7,7,14.0,1.0,recent_frequency_increase
user_001908,大样本近期高频_0219,8,last_7_days,1,large_high_freq_0219,0.3333333333333333,8,9,16.0,0.888889,recent_frequency_increase
user_000105,大样本近期高频_0220,4,last_7_days,1,large_high_freq_0220,0.0,4,4,8.0,1.0,recent_frequency_increase
user_000182,大样本近期高频_0221,5,last_7_days,1,large_high_freq_0221,0.3333333333333333,5,6,10.0,0.833333,recent_frequency_increase
user_001973,大样本近期高频_0222,6,last_7_days,1,large_high_freq_0222,0.0,6,6,12.0,1.0,recent_frequency_increase
user_000609,大样本近期高频_0223,7,last_7_days,1,large_high_freq_0223,0.3333333333333333,7,8,14.0,0.875,recent_frequency_increase
user_000911,大样本近期高频_0224,8,last_7_days,1,large_high_freq_0224,0.0,8,8,16.0,1.0,recent_frequency_increase
user_000170,大样本近期高频_0225,4,last_7_days,1,large_high_freq_0225,0.3333333333333333,4,5,8.0,0.8,recent_frequency_increase
user_001216,大样本近期高频_0226,5,last_7_days,1,large_high_freq_0226,0.0,5,5,10.0,1.0,recent_frequency_increase
user_001573,大样本近期高频_0227,6,last_7_days,1,large_high_freq_0227,0.3333333333333333,6,7,12.0,0.857143,recent_frequency_increase
user_000610,大样本近期高频_0228,7,last_7_days,1,large_high_freq_0228,0.0,7,7,14.0,1.0,recent_frequency_increase
user_001738,大样本近期高频_0229,8,last_7_days,1,large_high_freq_0229,0.3333333333333333,8,9,16.0,0.888889,recent_frequency_increase
user_001479,大样本近期高频_0230,4,last_7_days,1,large_high_freq_0230,0.0,4,4,8.0,1.0,recent_frequency_increase
user_001984,大样本近期高频_0231,5,last_7_days,1,large_high_freq_0231,0.3333333333333333,5,6,10.0,0.833333,recent_frequency_increase
user_001659,大样本近期高频_0232,6,last_7_days,1,large_high_freq_0232,0.0,6,6,12.0,1.0,recent_frequency_increase
user_001976,大样本近期高频_0233,7,last_7_days,1,large_high_freq_0233,0.3333333333333333,7,8,14.0,0.875,recent_frequency_increase
user_000505,大样本近期高频_0234,8,last_7_days,1,large_high_freq_0234,0.0,8,8,16.0,1.0,recent_frequency_increase
user_001242,大样本近期高频_0235,4,last_7_days,1,large_high_freq_0235,0.3333333333333333,4,5,8.0,0.8,recent_frequency_increase
user_000311,大样本近期高频_0236,5,last_7_days,1,large_high_freq_0236,0.0,5,5,10.0,1.0,recent_frequency_increase
user_000257,大样本近期高频_0237,6,last_7_days,1,large_high_freq_0237,0.3333333333333333,6,7,12.0,0.857143,recent_frequency_increase
user_000513,大样本近期高频_0238,7,last_7_days,1,large_high_freq_0238,0.0,7,7,14.0,1.0,recent_frequency_increase
user_001507,大样本近期高频_0239,8,last_7_days,1,large_high_freq_0239,0.3333333333333333,8,9,16.0,0.888889,recent_frequency_increase
user_001240,大样本近期高频_0240,4,last_7_days,1,large_high_freq_0240,0.0,4,4,8.0,1.0,recent_frequency_increase
user_000923,大样本近期高频_0241,5,last_7_days,1,large_high_freq_0241,0.3333333333333333,5,6,10.0,0.833333,recent_frequency_increase
user_001063,大样本近期高频_0242,6,last_7_days,1,large_high_freq_0242,0.0,6,6,12.0,1.0,recent_frequency_increase
user_000934,大样本近期高频_0243,7,last_7_days,1,large_high_freq_0243,0.3333333333333333,7,8,14.0,0.875,recent_frequency_increase
user_001155,大样本近期高频_0244,8,last_7_days,1,large_high_freq_0244,0.0,8,8,16.0,1.0,recent_frequency_increase
user_000845,大样本近期高频_0245,4,last_7_days,1,large_high_freq_0245,0.3333333333333333,4,5,8.0,0.8,recent_frequency_increase
user_001167,大样本近期高频_0246,5,last_7_days,1,large_high_freq_0246,0.0,5,5,10.0,1.0,recent_frequency_increase
user_001160,大样本近期高频_0247,6,last_7_days,1,large_high_freq_0247,0.3333333333333333,6,7,12.0,0.857143,recent_frequency_increase
user_001384,大样本近期高频_0248,7,last_7_days,1,large_high_freq_0248,0.0,7,7,14.0,1.0,recent_frequency_increase
user_001294,大样本近期高频_0249,8,last_7_days,1,large_high_freq_0249,0.3333333333333333,8,9,16.0,0.888889,recent_frequency_increase
user_000647,大样本近期高频_0250,4,last_7_days,1,large_high_freq_0250,0.0,4,4,8.0,1.0,recent_frequency_increase
user_001715,大样本近期高频_0251,5,last_7_days,1,large_high_freq_0251,0.3333333333333333,5,6,10.0,0.833333,recent_frequency_increase
user_000118,大样本近期高频_0252,6,last_7_days,1,large_high_freq_0252,0.0,6,6,12.0,1.0,recent_frequency_increase
user_001392,大样本近期高频_0253,7,last_7_days,1,large_high_freq_0253,0.3333333333333333,7,8,14.0,0.875,recent_frequency_increase
user_000674,大样本近期高频_0254,8,last_7_days,1,large_high_freq_0254,0.0,8,8,16.0,1.0,recent_frequency_increase
user_000403,大样本近期高频_0255,4,last_7_days,1,large_high_freq_0255,0.3333333333333333,4,5,8.0,0.8,recent_frequency_increase
user_001511,大样本近期高频_0256,5,last_7_days,1,large_high_freq_0256,0.0,5,5,10.0,1.0,recent_frequency_increase
user_001666,大样本近期高频_0257,6,last_7_days,1,large_high_freq_0257,0.3333333333333333,6,7,12.0,0.857143,recent_frequency_increase
user_000522,大样本近期高频_0258,7,last_7_days,1,large_high_freq_0258,0.0,7,7,14.0,1.0,recent_frequency_increase
user_001224,大样本近期高频_0259,8,last_7_days,1,large_high_freq_0259,0.3333333333333333,8,9,16.0,0.888889,recent_frequency_increase
user_001358,大样本近期高频_0260,4,last_7_days,1,large_high_freq_0260,0.0,4,4,8.0,1.0,recent_frequency_increase
user_000073,大样本近期高频_0261,5,last_7_days,1,large_high_freq_0261,0.3333333333333333,5,6,10.0,0.833333,recent_frequency_increase
user_001381,大样本近期高频_0262,6,last_7_days,1,large_high_freq_0262,0.0,6,6,12.0,1.0,recent_frequency_increase
user_001623,大样本近期高频_0263,7,last_7_days,1,large_high_freq_0263,0.3333333333333333,7,8,14.0,0.875,recent_frequency_increase
user_001742,大样本近期高频_0264,8,last_7_days,1,large_high_freq_0264,0.0,8,8,16.0,1.0,recent_frequency_increase
user_001808,大样本近期高频_0265,4,last_7_days,1,large_high_freq_0265,0.3333333333333333,4,5,8.0,0.8,recent_frequency_increase
user_001486,大样本近期高频_0266,5,last_7_days,1,large_high_freq_0266,0.0,5,5,10.0,1.0,recent_frequency_increase
user_000743,大样本近期高频_0267,6,last_7_days,1,large_high_freq_0267,0.3333333333333333,6,7,12.0,0.857143,recent_frequency_increase
user_001889,大样本近期高频_0268,7,last_7_days,1,large_high_freq_0268,0.0,7,7,14.0,1.0,recent_frequency_increase
user_000801,大样本近期高频_0269,8,last_7_days,1,large_high_freq_0269,0.3333333333333333,8,9,16.0,0.888889,recent_frequency_increase
user_000540,大样本近期高频_0270,4,last_7_days,1,large_high_freq_0270,0.0,4,4,8.0,1.0,recent_frequency_increase
user_001464,大样本近期高频_0271,5,last_7_days,1,large_high_freq_0271,0.3333333333333333,5,6,10.0,0.833333,recent_frequency_increase
user_001201,大样本近期高频_0272,6,last_7_days,1,large_high_freq_0272,0.0,6,6,12.0,1.0,recent_frequency_increase
user_001891,大样本近期高频_0273,7,last_7_days,1,large_high_freq_0273,0.3333333333333333,7,8,14.0,0.875,recent_frequency_increase
user_000448,大样本近期高频_0274,8,last_7_days,1,large_high_freq_0274,0.0,8,8,16.0,1.0,recent_frequency_increase
user_001102,大样本近期高频_0275,4,last_7_days,1,large_high_freq_0275,0.3333333333333333,4,5,8.0,0.8,recent_frequency_increase
user_000551,大样本近期高频_0276,5,last_7_days,1,large_high_freq_0276,0.0,5,5,10.0,1.0,recent_frequency_increase
user_000380,大样本近期高频_0277,6,last_7_days,1,large_high_freq_0277,0.3333333333333333,6,7,12.0,0.857143,recent_frequency_increase
user_000216,大样本近期高频_0278,7,last_7_days,1,large_high_freq_0278,0.0,7,7,14.0,1.0,recent_frequency_increase
user_000160,大样本近期高频_0279,8,last_7_days,1,large_high_freq_0279,0.3333333333333333,8,9,16.0,0.888889,recent_frequency_increase
user_000958,大样本近期高频_0280,4,last_7_days,1,large_high_freq_0280,0.0,4,4,8.0,1.0,recent_frequency_increase
user_000347,大样本近期高频_0281,5,last_7_days,1,large_high_freq_0281,0.3333333333333333,5,6,10.0,0.833333,recent_frequency_increase
user_000954,大样本近期高频_0282,6,last_7_days,1,large_high_freq_0282,0.0,6,6,12.0,1.0,recent_frequency_increase
user_000517,大样本近期高频_0283,7,last_7_days,1,large_high_freq_0283,0.3333333333333333,7,8,14.0,0.875,recent_frequency_increase
user_001644,大样本近期高频_0284,8,last_7_days,1,large_high_freq_0284,0.0,8,8,16.0,1.0,recent_frequency_increase
user_001580,大样本近期高频_0285,4,last_7_days,1,large_high_freq_0285,0.3333333333333333,4,5,8.0,0.8,recent_frequency_increase
user_000108,大样本近期高频_0286,5,last_7_days,1,large_high_freq_0286,0.0,5,5,10.0,1.0,recent_frequency_increase
user_001495,大样本近期高频_0287,6,last_7_days,1,large_high_freq_0287,0.3333333333333333,6,7,12.0,0.857143,recent_frequency_increase
user_001113,大样本近期高频_0288,7,last_7_days,1,large_high_freq_0288,0.0,7,7,14.0,1.0,recent_frequency_increase
user_000558,大样本近期高频_0289,8,last_7_days,1,large_high_freq_0289,0.3333333333333333,8,9,16.0,0.888889,recent_frequency_increase
user_001130,大样本近期高频_0290,4,last_7_days,1,large_high_freq_0290,0.0,4,4,8.0,1.0,recent_frequency_increase
user_001092,大样本近期高频_0291,5,last_7_days,1,large_high_freq_0291,0.3333333333333333,5,6,10.0,0.833333,recent_frequency_increase
user_001972,大样本近期高频_0292,6,last_7_days,1,large_high_freq_0292,0.0,6,6,12.0,1.0,recent_frequency_increase
user_001011,大样本近期高频_0293,7,last_7_days,1,large_high_freq_0293,0.3333333333333333,7,8,14.0,0.875,recent_frequency_increase
user_000924,大样本近期高频_0294,8,last_7_days,1,large_high_freq_0294,0.0,8,8,16.0,1.0,recent_frequency_increase
user_000113,大样本近期高频_0295,4,last_7_days,1,large_high_freq_0295,0.3333333333333333,4,5,8.0,0.8,recent_frequency_increase
user_000075,大样本近期高频_0296,5,last_7_days,1,large_high_freq_0296,0.0,5,5,10.0,1.0,recent_frequency_increase
user_000919,大样本近期高频_0297,6,last_7_days,1,large_high_freq_0297,0.3333333333333333,6,7,12.0,0.857143,recent_frequency_increase
user_001259,大样本近期高频_0298,7,last_7_days,1,large_high_freq_0298,0.0,7,7,14.0,1.0,recent_frequency_increase
user_001143,大样本近期高频_0299,8,last_7_days,1,large_high_freq_0299,0.3333333333333333,8,9,16.0,0.888889,recent_frequency_increase
user_001451,大样本近期高频_0300,4,last_7_days,1,large_high_freq_0300,0.0,4,4,8.0,1.0,recent_frequency_increase
user_000681,大样本近期高频_0301,5,last_7_days,1,large_high_freq_0301,0.3333333333333333,5,6,10.0,0.833333,recent_frequency_increase
user_001286,大样本近期高频_0302,6,last_7_days,1,large_high_freq_0302,0.0,6,6,12.0,1.0,recent_frequency_increase
user_001462,大样本近期高频_0303,7,last_7_days,1,large_high_freq_0303,0.3333333333333333,7,8,14.0,0.875,recent_frequency_increase
user_000854,大样本近期高频_0304,8,last_7_days,1,large_high_freq_0304,0.0,8,8,16.0,1.0,recent_frequency_increase
user_001354,大样本近期高频_0305,4,last_7_days,1,large_high_freq_0305,0.3333333333333333,4,5,8.0,0.8,recent_frequency_increase
user_000238,大样本近期高频_0306,5,last_7_days,1,large_high_freq_0306,0.0,5,5,10.0,1.0,recent_frequency_increase
user_001991,大样本近期高频_0307,6,last_7_days,1,large_high_freq_0307,0.3333333333333333,6,7,12.0,0.857143,recent_frequency_increase
user_001933,大样本近期高频_0308,7,last_7_days,1,large_high_freq_0308,0.0,7,7,14.0,1.0,recent_frequency_increase
user_001159,大样本近期高频_0309,8,last_7_days,1,large_high_freq_0309,0.3333333333333333,8,9,16.0,0.888889,recent_frequency_increase
user_001883,大样本近期高频_0310,4,last_7_days,1,large_high_freq_0310,0.0,4,4,8.0,1.0,recent_frequency_increase
user_001338,大样本近期高频_0311,5,last_7_days,1,large_high_freq_0311,0.3333333333333333,5,6,10.0,0.833333,recent_frequency_increase
user_000235,大样本近期高频_0312,6,last_7_days,1,large_high_freq_0312,0.0,6,6,12.0,1.0,recent_frequency_increase
user_000642,大样本近期高频_0313,7,last_7_days,1,large_high_freq_0313,0.3333333333333333,7,8,14.0,0.875,recent_frequency_increase
user_000600,大样本近期高频_0314,8,last_7_days,1,large_high_freq_0314,0.0,8,8,16.0,1.0,recent_frequency_increase
user_001668,大样本近期高频_0315,4,last_7_days,1,large_high_freq_0315,0.3333333333333333,4,5,8.0,0.8,recent_frequency_increase
user_000545,大样本近期高频_0316,5,last_7_days,1,large_high_freq_0316,0.0,5,5,10.0,1.0,recent_frequency_increase
user_000800,大样本近期高频_0317,6,last_7_days,1,large_high_freq_0317,0.3333333333333333,6,7,12.0,0.857143,recent_frequency_increase
user_000989,大样本近期高频_0318,7,last_7_days,1,large_high_freq_0318,0.0,7,7,14.0,1.0,recent_frequency_increase
user_000281,大样本近期高频_0319,8,last_7_days,1,large_high_freq_0319,0.3333333333333333,8,9,16.0,0.888889,recent_frequency_increase
user_001010,大样本近期高频_0320,4,last_7_days,1,large_high_freq_0320,0.0,4,4,8.0,1.0,recent_frequency_increase
user_000417,大样本近期高频_0321,5,last_7_days,1,large_high_freq_0321,0.3333333333333333,5,6,10.0,0.833333,recent_frequency_increase
user_000154,大样本近期高频_0322,6,last_7_days,1,large_high_freq_0322,0.0,6,6,12.0,1.0,recent_frequency_increase
user_000625,大样本近期高频_0323,7,last_7_days,1,large_high_freq_0323,0.3333333333333333,7,8,14.0,0.875,recent_frequency_increase
user_001615,大样本近期高频_0324,8,last_7_days,1,large_high_freq_0324,0.0,8,8,16.0,1.0,recent_frequency_increase
user_000798,大样本近期高频_0325,4,last_7_days,1,large_high_freq_0325,0.3333333333333333,4,5,8.0,0.8,recent_frequency_increase
user_000471,大样本近期高频_0326,5,last_7_days,1,large_high_freq_0326,0.0,5,5,10.0,1.0,recent_frequency_increase
user_001720,大样本近期高频_0327,6,last_7_days,1,large_high_freq_0327,0.3333333333333333,6,7,12.0,0.857143,recent_frequency_increase
user_000885,大样本近期高频_0328,7,last_7_days,1,large_high_freq_0328,0.0,7,7,14.0,1.0,recent_frequency_increase
user_000618,大样本近期高频_0329,8,last_7_days,1,large_high_freq_0329,0.3333333333333333,8,9,16.0,0.888889,recent_frequency_increase
user_001604,大样本近期高频_0330,4,last_7_days,1,large_high_freq_0330,0.0,4,4,8.0,1.0,recent_frequency_increase
user_001496,大样本近期高频_0331,5,last_7_days,1,large_high_freq_0331,0.3333333333333333,5,6,10.0,0.833333,recent_frequency_increase
user_000860,大样本近期高频_0332,6,last_7_days,1,large_high_freq_0332,0.0,6,6,12.0,1.0,recent_frequency_increase
user_001724,大样本近期高频_0333,7,last_7_days,1,large_high_freq_0333,0.3333333333333333,7,8,14.0,0.875,recent_frequency_increase
user_000392,大样本近期高频_0334,8,last_7_days,1,large_high_freq_0334,0.0,8,8,16.0,1.0,recent_frequency_increase
user_001537,大样本近期高频_0335,4,last_7_days,1,large_high_freq_0335,0.3333333333333333,4,5,8.0,0.8,recent_frequency_increase
user_001257,大样本近期高频_0336,5,last_7_days,1,large_high_freq_0336,0.0,5,5,10.0,1.0,recent_frequency_increase
user_001445,大样本近期高频_0337,6,last_7_days,1,large_high_freq_0337,0.3333333333333333,6,7,12.0,0.857143,recent_frequency_increase
user_000882,大样本近期高频_0338,7,last_7_days,1,large_high_freq_0338,0.0,7,7,14.0,1.0,recent_frequency_increase
user_000206,大样本近期高频_0339,8,last_7_days,1,large_high_freq_0339,0.3333333333333333,8,9,16.0,0.888889,recent_frequency_increase
user_000812,大样本近期高频_0340,4,last_7_days,1,large_high_freq_0340,0.0,4,4,8.0,1.0,recent_frequency_increase
user_000603,大样本近期高频_0341,5,last_7_days,1,large_high_freq_0341,0.3333333333333333,5,6,10.0,0.833333,recent_frequency_increase
user_000588,大样本近期高频_0342,6,last_7_days,1,large_high_freq_0342,0.0,6,6,12.0,1.0,recent_frequency_increase
user_000538,大样本近期高频_0343,7,last_7_days,1,large_high_freq_0343,0.3333333333333333,7,8,14.0,0.875,recent_frequency_increase
user_001880,大样本近期高频_0344,8,last_7_days,1,large_high_freq_0344,0.0,8,8,16.0,1.0,recent_frequency_increase
user_000759,大样本近期高频_0345,4,last_7_days,1,large_high_freq_0345,0.3333333333333333,4,5,8.0,0.8,recent_frequency_increase
user_001947,大样本近期高频_0346,5,last_7_days,1,large_high_freq_0346,0.0,5,5,10.0,1.0,recent_frequency_increase
user_000331,大样本近期高频_0347,6,last_7_days,1,large_high_freq_0347,0.3333333333333333,6,7,12.0,0.857143,recent_frequency_increase
user_000969,大样本近期高频_0348,7,last_7_days,1,large_high_freq_0348,0.0,7,7,14.0,1.0,recent_frequency_increase
user_001697,大样本近期高频_0349,8,last_7_days,1,large_high_freq_0349,0.3333333333333333,8,9,16.0,0.888889,recent_frequency_increase
user_000190,大样本近期高频_0350,4,last_7_days,1,large_high_freq_0350,0.0,4,4,8.0,1.0,recent_frequency_increase
user_000581,大样本近期高频_0351,5,last_7_days,1,large_high_freq_0351,0.3333333333333333,5,6,10.0,0.833333,recent_frequency_increase
user_001341,大样本近期高频_0352,6,last_7_days,1,large_high_freq_0352,0.0,6,6,12.0,1.0,recent_frequency_increase
user_000277,大样本近期高频_0353,7,last_7_days,1,large_high_freq_0353,0.3333333333333333,7,8,14.0,0.875,recent_frequency_increase
user_000464,大样本近期高频_0354,8,last_7_days,1,large_high_freq_0354,0.0,8,8,16.0,1.0,recent_frequency_increase
user_001912,大样本近期高频_0355,4,last_7_days,1,large_high_freq_0355,0.3333333333333333,4,5,8.0,0.8,recent_frequency_increase
user_000575,大样本近期高频_0356,5,last_7_days,1,large_high_freq_0356,0.0,5,5,10.0,1.0,recent_frequency_increase
user_001852,大样本近期高频_0357,6,last_7_days,1,large_high_freq_0357,0.3333333333333333,6,7,12.0,0.857143,recent_frequency_increase
user_000818,大样本近期高频_0358,7,last_7_days,1,large_high_freq_0358,0.0,7,7,14.0,1.0,recent_frequency_increase
user_000218,大样本近期高频_0359,8,last_7_days,1,large_high_freq_0359,0.3333333333333333,8,9,16.0,0.888889,recent_frequency_increase
user_001120,大样本近期高频_0360,4,last_7_days,1,large_high_freq_0360,0.0,4,4,8.0,1.0,recent_frequency_increase
user_000922,大样本近期高频_0361,5,last_7_days,1,large_high_freq_0361,0.3333333333333333,5,6,10.0,0.833333,recent_frequency_increase
user_001965,大样本近期高频_0362,6,last_7_days,1,large_high_freq_0362,0.0,6,6,12.0,1.0,recent_frequency_increase
user_001357,大样本近期高频_0363,7,last_7_days,1,large_high_freq_0363,0.3333333333333333,7,8,14.0,0.875,recent_frequency_increase
user_001021,大样本近期高频_0364,8,last_7_days,1,large_high_freq_0364,0.0,8,8,16.0,1.0,recent_frequency_increase
user_000107,大样本近期高频_0365,4,last_7_days,1,large_high_freq_0365,0.3333333333333333,4,5,8.0,0.8,recent_frequency_increase
user_000643,大样本近期高频_0366,5,last_7_days,1,large_high_freq_0366,0.0,5,5,10.0,1.0,recent_frequency_increase
user_000354,大样本近期高频_0367,6,last_7_days,1,large_high_freq_0367,0.3333333333333333,6,7,12.0,0.857143,recent_frequency_increase
user_000666,大样本近期高频_0368,7,last_7_days,1,large_high_freq_0368,0.0,7,7,14.0,1.0,recent_frequency_increase
user_000106,大样本近期高频_0369,8,last_7_days,1,large_high_freq_0369,0.3333333333333333,8,9,16.0,0.888889,recent_frequency_increase
user_000867,大样本近期高频_0370,4,last_7_days,1,large_high_freq_0370,0.0,4,4,8.0,1.0,recent_frequency_increase
user_000061,大样本近期高频_0371,5,last_7_days,1,large_high_freq_0371,0.3333333333333333,5,6,10.0,0.833333,recent_frequency_increase
user_001436,大样本近期高频_0372,6,last_7_days,1,large_high_freq_0372,0.0,6,6,12.0,1.0,recent_frequency_increase
user_001776,大样本近期高频_0373,7,last_7_days,1,large_high_freq_0373,0.3333333333333333,7,8,14.0,0.875,recent_frequency_increase
user_000509,大样本近期高频_0374,8,last_7_days,1,large_high_freq_0374,0.0,8,8,16.0,1.0,recent_frequency_increase
user_000997,大样本近期高频_0375,4,last_7_days,1,large_high_freq_0375,0.3333333333333333,4,5,8.0,0.8,recent_frequency_increase
user_000001,大样本近期高频_0376,5,last_7_days,1,large_high_freq_0376,0.0,5,5,10.0,1.0,recent_frequency_increase
user_000426,大样本近期高频_0377,6,last_7_days,1,large_high_freq_0377,0.3333333333333333,6,7,12.0,0.857143,recent_frequency_increase
user_000180,大样本近期高频_0378,7,last_7_days,1,large_high_freq_0378,0.0,7,7,14.0,1.0,recent_frequency_increase
user_001251,大样本近期高频_0379,8,last_7_days,1,large_high_freq_0379,0.3333333333333333,8,9,16.0,0.888889,recent_frequency_increase
user_001261,大样本近期高频_0380,4,last_7_days,1,large_high_freq_0380,0.0,4,4,8.0,1.0,recent_frequency_increase
user_001435,大样本近期高频_0381,5,last_7_days,1,large_high_freq_0381,0.3333333333333333,5,6,10.0,0.833333,recent_frequency_increase
user_000457,大样本近期高频_0382,6,last_7_days,1,large_high_freq_0382,0.0,6,6,12.0,1.0,recent_frequency_increase
user_000560,大样本近期高频_0383,7,last_7_days,1,large_high_freq_0383,0.3333333333333333,7,8,14.0,0.875,recent_frequency_increase
user_000770,大样本近期高频_0384,8,last_7_days,1,large_high_freq_0384,0.0,8,8,16.0,1.0,recent_frequency_increase
user_001359,大样本近期高频_0385,4,last_7_days,1,large_high_freq_0385,0.3333333333333333,4,5,8.0,0.8,recent_frequency_increase
user_001716,大样本近期高频_0386,5,last_7_days,1,large_high_freq_0386,0.0,5,5,10.0,1.0,recent_frequency_increase
user_000981,大样本近期高频_0387,6,last_7_days,1,large_high_freq_0387,0.3333333333333333,6,7,12.0,0.857143,recent_frequency_increase
user_000432,大样本近期高频_0388,7,last_7_days,1,large_high_freq_0388,0.0,7,7,14.0,1.0,recent_frequency_increase
user_000250,大样本近期高频_0389,8,last_7_days,1,large_high_freq_0389,0.3333333333333333,8,9,16.0,0.888889,recent_frequency_increase
user_001510,大样本近期高频_0390,4,last_7_days,1,large_high_freq_0390,0.0,4,4,8.0,1.0,recent_frequency_increase
user_000999,大样本近期高频_0391,5,last_7_days,1,large_high_freq_0391,0.3333333333333333,5,6,10.0,0.833333,recent_frequency_increase
user_000626,大样本近期高频_0392,6,last_7_days,1,large_high_freq_0392,0.0,6,6,12.0,1.0,recent_frequency_increase
user_001541,大样本近期高频_0393,7,last_7_days,1,large_high_freq_0393,0.3333333333333333,7,8,14.0,0.875,recent_frequency_increase
user_000306,大样本近期高频_0394,8,last_7_days,1,large_high_freq_0394,0.0,8,8,16.0,1.0,recent_frequency_increase
user_000691,大样本近期高频_0395,4,last_7_days,1,large_high_freq_0395,0.3333333333333333,4,5,8.0,0.8,recent_frequency_increase
user_001227,大样本近期高频_0396,5,last_7_days,1,large_high_freq_0396,0.0,5,5,10.0,1.0,recent_frequency_increase
user_000688,大样本近期高频_0397,6,last_7_days,1,large_high_freq_0397,0.3333333333333333,6,7,12.0,0.857143,recent_frequency_increase
user_001568,大样本近期高频_0398,7,last_7_days,1,large_high_freq_0398,0.0,7,7,14.0,1.0,recent_frequency_increase
user_000645,大样本近期高频_0399,8,last_7_days,1,large_high_freq_0399,0.3333333333333333,8,9,16.0,0.888889,recent_frequency_increase
user_001749,大样本近期高频_0400,4,last_7_days,1,large_high_freq_0400,0.0,4,4,8.0,1.0,recent_frequency_increase
user_000458,大样本近期高频_0401,5,last_7_days,1,large_high_freq_0401,0.3333333333333333,5,6,10.0,0.833333,recent_frequency_increase
user_001736,大样本近期高频_0402,6,last_7_days,1,large_high_freq_0402,0.0,6,6,12.0,1.0,recent_frequency_increase
user_001218,大样本近期高频_0403,7,last_7_days,1,large_high_freq_0403,0.3333333333333333,7,8,14.0,0.875,recent_frequency_increase
user_001196,大样本近期高频_0404,8,last_7_days,1,large_high_freq_0404,0.0,8,8,16.0,1.0,recent_frequency_increase
user_001378,大样本近期高频_0405,4,last_7_days,1,large_high_freq_0405,0.3333333333333333,4,5,8.0,0.8,recent_frequency_increase
user_001091,大样本近期高频_0406,5,last_7_days,1,large_high_freq_0406,0.0,5,5,10.0,1.0,recent_frequency_increase
user_001361,大样本近期高频_0407,6,last_7_days,1,large_high_freq_0407,0.3333333333333333,6,7,12.0,0.857143,recent_frequency_increase
user_000602,大样本近期高频_0408,7,last_7_days,1,large_high_freq_0408,0.0,7,7,14.0,1.0,recent_frequency_increase
user_000016,大样本近期高频_0409,8,last_7_days,1,large_high_freq_0409,0.3333333333333333,8,9,16.0,0.888889,recent_frequency_increase
user_001929,大样本近期高频_0410,4,last_7_days,1,large_high_freq_0410,0.0,4,4,8.0,1.0,recent_frequency_increase
user_000187,大样本近期高频_0411,5,last_7_days,1,large_high_freq_0411,0.3333333333333333,5,6,10.0,0.833333,recent_frequency_increase
user_000423,大样本近期高频_0412,6,last_7_days,1,large_high_freq_0412,0.0,6,6,12.0,1.0,recent_frequency_increase
user_000749,大样本近期高频_0413,7,last_7_days,1,large_high_freq_0413,0.3333333333333333,7,8,14.0,0.875,recent_frequency_increase
user_001024,大样本近期高频_0414,8,last_7_days,1,large_high_freq_0414,0.0,8,8,16.0,1.0,recent_frequency_increase
user_000733,大样本近期高频_0415,4,last_7_days,1,large_high_freq_0415,0.3333333333333333,4,5,8.0,0.8,recent_frequency_increase
user_001846,大样本近期高频_0416,5,last_7_days,1,large_high_freq_0416,0.0,5,5,10.0,1.0,recent_frequency_increase
user_000607,大样本近期高频_0417,6,last_7_days,1,large_high_freq_0417,0.3333333333333333,6,7,12.0,0.857143,recent_frequency_increase
user_001679,大样本近期高频_0418,7,last_7_days,1,large_high_freq_0418,0.0,7,7,14.0,1.0,recent_frequency_increase
user_001053,大样本近期高频_0419,8,last_7_days,1,large_high_freq_0419,0.3333333333333333,8,9,16.0,0.888889,recent_frequency_increase
user_001282,大样本近期高频_0420,4,last_7_days,1,large_high_freq_0420,0.0,4,4,8.0,1.0,recent_frequency_increase
user_000832,大样本近期高频_0421,5,last_7_days,1,large_high_freq_0421,0.3333333333333333,5,6,10.0,0.833333,recent_frequency_increase
user_001983,大样本近期高频_0422,6,last_7_days,1,large_high_freq_0422,0.0,6,6,12.0,1.0,recent_frequency_increase
user_000876,大样本近期高频_0423,7,last_7_days,1,large_high_freq_0423,0.3333333333333333,7,8,14.0,0.875,recent_frequency_increase
user_000178,大样本近期高频_0424,8,last_7_days,1,large_high_freq_0424,0.0,8,8,16.0,1.0,recent_frequency_increase
user_000140,大样本近期高频_0425,4,last_7_days,1,large_high_freq_0425,0.3333333333333333,4,5,8.0,0.8,recent_frequency_increase
user_000861,大样本近期高频_0426,5,last_7_days,1,large_high_freq_0426,0.0,5,5,10.0,1.0,recent_frequency_increase
user_001650,大样本近期高频_0427,6,last_7_days,1,large_high_freq_0427,0.3333333333333333,6,7,12.0,0.857143,recent_frequency_increase
user_000340,大样本近期高频_0428,7,last_7_days,1,large_high_freq_0428,0.0,7,7,14.0,1.0,recent_frequency_increase
user_001387,大样本近期高频_0429,8,last_7_days,1,large_high_freq_0429,0.3333333333333333,8,9,16.0,0.888889,recent_frequency_increase
user_000605,大样本近期高频_0430,4,last_7_days,1,large_high_freq_0430,0.0,4,4,8.0,1.0,recent_frequency_increase
user_000988,大样本近期高频_0431,5,last_7_days,1,large_high_freq_0431,0.3333333333333333,5,6,10.0,0.833333,recent_frequency_increase
user_001885,大样本近期高频_0432,6,last_7_days,1,large_high_freq_0432,0.0,6,6,12.0,1.0,recent_frequency_increase
user_000806,大样本近期高频_0433,7,last_7_days,1,large_high_freq_0433,0.3333333333333333,7,8,14.0,0.875,recent_frequency_increase
user_001245,大样本近期高频_0434,8,last_7_days,1,large_high_freq_0434,0.0,8,8,16.0,1.0,recent_frequency_increase
user_001579,大样本近期高频_0435,4,last_7_days,1,large_high_freq_0435,0.3333333333333333,4,5,8.0,0.8,recent_frequency_increase
user_000855,大样本近期高频_0436,5,last_7_days,1,large_high_freq_0436,0.0,5,5,10.0,1.0,recent_frequency_increase
user_000866,大样本近期高频_0437,6,last_7_days,1,large_high_freq_0437,0.3333333333333333,6,7,12.0,0.857143,recent_frequency_increase
user_001577,大样本近期高频_0438,7,last_7_days,1,large_high_freq_0438,0.0,7,7,14.0,1.0,recent_frequency_increase
user_001480,大样本近期高频_0439,8,last_7_days,1,large_high_freq_0439,0.3333333333333333,8,9,16.0,0.888889,recent_frequency_increase
user_000114,大样本近期高频_0440,4,last_7_days,1,large_high_freq_0440,0.0,4,4,8.0,1.0,recent_frequency_increase
user_001863,大样本近期高频_0441,5,last_7_days,1,large_high_freq_0441,0.3333333333333333,5,6,10.0,0.833333,recent_frequency_increase
user_000584,大样本近期高频_0442,6,last_7_days,1,large_high_freq_0442,0.0,6,6,12.0,1.0,recent_frequency_increase
user_001211,大样本近期高频_0443,7,last_7_days,1,large_high_freq_0443,0.3333333333333333,7,8,14.0,0.875,recent_frequency_increase
user_001574,大样本近期高频_0444,8,last_7_days,1,large_high_freq_0444,0.0,8,8,16.0,1.0,recent_frequency_increase
user_001131,大样本近期高频_0445,4,last_7_days,1,large_high_freq_0445,0.3333333333333333,4,5,8.0,0.8,recent_frequency_increase
user_001599,大样本近期高频_0446,5,last_7_days,1,large_high_freq_0446,0.0,5,5,10.0,1.0,recent_frequency_increase
user_001967,大样本近期高频_0447,6,last_7_days,1,large_high_freq_0447,0.3333333333333333,6,7,12.0,0.857143,recent_frequency_increase
user_000117,大样本近期高频_0448,7,last_7_days,1,large_high_freq_0448,0.0,7,7,14.0,1.0,recent_frequency_increase
user_000751,大样本近期高频_0449,8,last_7_days,1,large_high_freq_0449,0.3333333333333333,8,9,16.0,0.888889,recent_frequency_increase
user_000597,大样本近期高频_0450,4,last_7_days,1,large_high_freq_0450,0.0,4,4,8.0,1.0,recent_frequency_increase
user_001996,大样本近期高频_0451,5,last_7_days,1,large_high_freq_0451,0.3333333333333333,5,6,10.0,0.833333,recent_frequency_increase
user_000820,大样本近期高频_0452,6,last_7_days,1,large_high_freq_0452,0.0,6,6,12.0,1.0,recent_frequency_increase
user_000440,大样本近期高频_0453,7,last_7_days,1,large_high_freq_0453,0.3333333333333333,7,8,14.0,0.875,recent_frequency_increase
user_000793,大样本近期高频_0454,8,last_7_days,1,large_high_freq_0454,0.0,8,8,16.0,1.0,recent_frequency_increase
user_001696,大样本近期高频_0455,4,last_7_days,1,large_high_freq_0455,0.3333333333333333,4,5,8.0,0.8,recent_frequency_increase
user_001937,大样本近期高频_0456,5,last_7_days,1,large_high_freq_0456,0.0,5,5,10.0,1.0,recent_frequency_increase
user_000317,大样本近期高频_0457,6,last_7_days,1,large_high_freq_0457,0.3333333333333333,6,7,12.0,0.857143,recent_frequency_increase
user_001176,大样本近期高频_0458,7,last_7_days,1,large_high_freq_0458,0.0,7,7,14.0,1.0,recent_frequency_increase
user_001373,大样本近期高频_0459,8,last_7_days,1,large_high_freq_0459,0.3333333333333333,8,9,16.0,0.888889,recent_frequency_increase
user_001522,大样本近期高频_0460,4,last_7_days,1,large_high_freq_0460,0.0,4,4,8.0,1.0,recent_frequency_increase
user_000846,大样本近期高频_0461,5,last_7_days,1,large_high_freq_0461,0.3333333333333333,5,6,10.0,0.833333,recent_frequency_increase
user_001456,大样本近期高频_0462,6,last_7_days,1,large_high_freq_0462,0.0,6,6,12.0,1.0,recent_frequency_increase
user_000267,大样本近期高频_0463,7,last_7_days,1,large_high_freq_0463,0.3333333333333333,7,8,14.0,0.875,recent_frequency_increase
user_001493,大样本近期高频_0464,8,last_7_days,1,large_high_freq_0464,0.0,8,8,16.0,1.0,recent_frequency_increase
user_001326,大样本近期高频_0465,4,last_7_days,1,large_high_freq_0465,0.3333333333333333,4,5,8.0,0.8,recent_frequency_increase
user_001140,大样本近期高频_0466,5,last_7_days,1,large_high_freq_0466,0.0,5,5,10.0,1.0,recent_frequency_increase
user_000515,大样本近期高频_0467,6,last_7_days,1,large_high_freq_0467,0.3333333333333333,6,7,12.0,0.857143,recent_frequency_increase
user_000835,大样本近期高频_0468,7,last_7_days,1,large_high_freq_0468,0.0,7,7,14.0,1.0,recent_frequency_increase
user_001784,大样本近期高频_0469,8,last_7_days,1,large_high_freq_0469,0.3333333333333333,8,9,16.0,0.888889,recent_frequency_increase
user_001484,大样本近期高频_0470,4,last_7_days,1,large_high_freq_0470,0.0,4,4,8.0,1.0,recent_frequency_increase
user_001948,大样本近期高频_0471,5,last_7_days,1,large_high_freq_0471,0.3333333333333333,5,6,10.0,0.833333,recent_frequency_increase
user_001981,大样本近期高频_0472,6,last_7_days,1,large_high_freq_0472,0.0,6,6,12.0,1.0,recent_frequency_increase
user_000297,大样本近期高频_0473,7,last_7_days,1,large_high_freq_0473,0.3333333333333333,7,8,14.0,0.875,recent_frequency_increase
user_001842,大样本近期高频_0474,8,last_7_days,1,large_high_freq_0474,0.0,8,8,16.0,1.0,recent_frequency_increase
user_000332,大样本近期高频_0475,4,last_7_days,1,large_high_freq_0475,0.3333333333333333,4,5,8.0,0.8,recent_frequency_increase
user_000856,大样本近期高频_0476,5,last_7_days,1,large_high_freq_0476,0.0,5,5,10.0,1.0,recent_frequency_increase
user_000013,大样本近期高频_0477,6,last_7_days,1,large_high_freq_0477,0.3333333333333333,6,7,12.0,0.857143,recent_frequency_increase
user_001411,大样本近期高频_0478,7,last_7_days,1,large_high_freq_0478,0.0,7,7,14.0,1.0,recent_frequency_increase
user_000858,大样本近期高频_0479,8,last_7_days,1,large_high_freq_0479,0.3333333333333333,8,9,16.0,0.888889,recent_frequency_increase
user_000142,大样本近期高频_0480,4,last_7_days,1,large_high_freq_0480,0.0,4,4,8.0,1.0,recent_frequency_increase
user_000079,大样本近期高频_0481,5,last_7_days,1,large_high_freq_0481,0.3333333333333333,5,6,10.0,0.833333,recent_frequency_increase
user_000492,大样本近期高频_0482,6,last_7_days,1,large_high_freq_0482,0.0,6,6,12.0,1.0,recent_frequency_increase
user_000401,大样本近期高频_0483,7,last_7_days,1,large_high_freq_0483,0.3333333333333333,7,8,14.0,0.875,recent_frequency_increase
user_001455,大样本近期高频_0484,8,last_7_days,1,large_high_freq_0484,0.0,8,8,16.0,1.0,recent_frequency_increase
user_000313,大样本近期高频_0485,4,last_7_days,1,large_high_freq_0485,0.3333333333333333,4,5,8.0,0.8,recent_frequency_increase
user_001302,大样本近期高频_0486,5,last_7_days,1,large_high_freq_0486,0.0,5,5,10.0,1.0,recent_frequency_increase
user_000131,大样本近期高频_0487,6,last_7_days,1,large_high_freq_0487,0.3333333333333333,6,7,12.0,0.857143,recent_frequency_increase
user_000570,大样本近期高频_0488,7,last_7_days,1,large_high_freq_0488,0.0,7,7,14.0,1.0,recent_frequency_increase
user_000486,大样本近期高频_0489,8,last_7_days,1,large_high_freq_0489,0.3333333333333333,8,9,16.0,0.888889,recent_frequency_increase
user_000975,大样本近期高频_0490,4,last_7_days,1,large_high_freq_0490,0.0,4,4,8.0,1.0,recent_frequency_increase
user_000564,大样本近期高频_0491,5,last_7_days,1,large_high_freq_0491,0.3333333333333333,5,6,10.0,0.833333,recent_frequency_increase
user_001559,大样本近期高频_0492,6,last_7_days,1,large_high_freq_0492,0.0,6,6,12.0,1.0,recent_frequency_increase
user_001343,大样本近期高频_0493,7,last_7_days,1,large_high_freq_0493,0.3333333333333333,7,8,14.0,0.875,recent_frequency_increase
user_000262,大样本近期高频_0494,8,last_7_days,1,large_high_freq_0494,0.0,8,8,16.0,1.0,recent_frequency_increase
user_000582,大样本近期高频_0495,4,last_7_days,1,large_high_freq_0495,0.3333333333333333,4,5,8.0,0.8,recent_frequency_increase
user_000809,大样本近期高频_0496,5,last_7_days,1,large_high_freq_0496,0.0,5,5,10.0,1.0,recent_frequency_increase
user_001930,大样本近期高频_0497,6,last_7_days,1,large_high_freq_0497,0.3333333333333333,6,7,12.0,0.857143,recent_frequency_increase
user_001198,大样本近期高频_0498,7,last_7_days,1,large_high_freq_0498,0.0,7,7,14.0,1.0,recent_frequency_increase
user_001805,大样本近期高频_0499,8,last_7_days,1,large_high_freq_0499,0.3333333333333333,8,9,16.0,0.888889,recent_frequency_increase
user_000585,大样本近期高频_0500,4,last_7_days,1,large_high_freq_0500,0.0,4,4,8.0,1.0,recent_frequency_increase
user_000375,大样本近期高频_0501,5,last_7_days,1,large_high_freq_0501,0.3333333333333333,5,6,10.0,0.833333,recent_frequency_increase
user_001634,大样本近期高频_0502,6,last_7_days,1,large_high_freq_0502,0.0,6,6,12.0,1.0,recent_frequency_increase
user_001119,大样本近期高频_0503,7,last_7_days,1,large_high_freq_0503,0.3333333333333333,7,8,14.0,0.875,recent_frequency_increase
user_000022,大样本近期高频_0504,8,last_7_days,1,large_high_freq_0504,0.0,8,8,16.0,1.0,recent_frequency_increase
user_001570,大样本近期高频_0505,4,last_7_days,1,large_high_freq_0505,0.3333333333333333,4,5,8.0,0.8,recent_frequency_increase
user_001101,大样本近期高频_0506,5,last_7_days,1,large_high_freq_0506,0.0,5,5,10.0,1.0,recent_frequency_increase
user_001874,大样本近期高频_0507,6,last_7_days,1,large_high_freq_0507,0.3333333333333333,6,7,12.0,0.857143,recent_frequency_increase
user_001685,大样本近期高频_0508,7,last_7_days,1,large_high_freq_0508,0.0,7,7,14.0,1.0,recent_frequency_increase
user_001524,大样本近期高频_0509,8,last_7_days,1,large_high_freq_0509,0.3333333333333333,8,9,16.0,0.888889,recent_frequency_increase
user_000767,大样本近期高频_0510,4,last_7_days,1,large_high_freq_0510,0.0,4,4,8.0,1.0,recent_frequency_increase
user_001173,大样本近期高频_0511,5,last_7_days,1,large_high_freq_0511,0.3333333333333333,5,6,10.0,0.833333,recent_frequency_increase
user_000158,大样本近期高频_0512,6,last_7_days,1,large_high_freq_0512,0.0,6,6,12.0,1.0,recent_frequency_increase
user_000533,大样本近期高频_0513,7,last_7_days,1,large_high_freq_0513,0.3333333333333333,7,8,14.0,0.875,recent_frequency_increase
user_000843,大样本近期高频_0514,8,last_7_days,1,large_high_freq_0514,0.0,8,8,16.0,1.0,recent_frequency_increase
user_001555,大样本近期高频_0515,4,last_7_days,1,large_high_freq_0515,0.3333333333333333,4,5,8.0,0.8,recent_frequency_increase
user_000951,大样本近期高频_0516,5,last_7_days,1,large_high_freq_0516,0.0,5,5,10.0,1.0,recent_frequency_increase
user_000878,大样本近期高频_0517,6,last_7_days,1,large_high_freq_0517,0.3333333333333333,6,7,12.0,0.857143,recent_frequency_increase
user_001614,大样本近期高频_0518,7,last_7_days,1,large_high_freq_0518,0.0,7,7,14.0,1.0,recent_frequency_increase
user_001395,大样本近期高频_0519,8,last_7_days,1,large_high_freq_0519,0.3333333333333333,8,9,16.0,0.888889,recent_frequency_increase
user_001467,大样本近期高频_0520,4,last_7_days,1,large_high_freq_0520,0.0,4,4,8.0,1.0,recent_frequency_increase
user_000721,大样本近期高频_0521,5,last_7_days,1,large_high_freq_0521,0.3333333333333333,5,6,10.0,0.833333,recent_frequency_increase
user_001902,大样本近期高频_0522,6,last_7_days,1,large_high_freq_0522,0.0,6,6,12.0,1.0,recent_frequency_increase
user_000103,大样本近期高频_0523,7,last_7_days,1,large_high_freq_0523,0.3333333333333333,7,8,14.0,0.875,recent_frequency_increase
user_001289,大样本近期高频_0524,8,last_7_days,1,large_high_freq_0524,0.0,8,8,16.0,1.0,recent_frequency_increase
user_000943,大样本近期高频_0525,4,last_7_days,1,large_high_freq_0525,0.3333333333333333,4,5,8.0,0.8,recent_frequency_increase
user_000539,大样本近期高频_0526,5,last_7_days,1,large_high_freq_0526,0.0,5,5,10.0,1.0,recent_frequency_increase
user_000371,大样本近期高频_0527,6,last_7_days,1,large_high_freq_0527,0.3333333333333333,6,7,12.0,0.857143,recent_frequency_increase
user_000294,大样本近期高频_0528,7,last_7_days,1,large_high_freq_0528,0.0,7,7,14.0,1.0,recent_frequency_increase
user_000121,大样本近期高频_0529,8,last_7_days,1,large_high_freq_0529,0.3333333333333333,8,9,16.0,0.888889,recent_frequency_increase
user_000207,大样本近期高频_0530,4,last_7_days,1,large_high_freq_0530,0.0,4,4,8.0,1.0,recent_frequency_increase
user_000864,大样本近期高频_0531,5,last_7_days,1,large_high_freq_0531,0.3333333333333333,5,6,10.0,0.833333,recent_frequency_increase
user_001236,大样本近期高频_0532,6,last_7_days,1,large_high_freq_0532,0.0,6,6,12.0,1.0,recent_frequency_increase
user_000301,大样本近期高频_0533,7,last_7_days,1,large_high_freq_0533,0.3333333333333333,7,8,14.0,0.875,recent_frequency_increase
user_000318,大样本近期高频_0534,8,last_7_days,1,large_high_freq_0534,0.0,8,8,16.0,1.0,recent_frequency_increase
user_001844,大样本近期高频_0535,4,last_7_days,1,large_high_freq_0535,0.3333333333333333,4,5,8.0,0.8,recent_frequency_increase
user_001647,大样本近期高频_0536,5,last_7_days,1,large_high_freq_0536,0.0,5,5,10.0,1.0,recent_frequency_increase
user_000234,大样本近期高频_0537,6,last_7_days,1,large_high_freq_0537,0.3333333333333333,6,7,12.0,0.857143,recent_frequency_increase
user_001663,大样本近期高频_0538,7,last_7_days,1,large_high_freq_0538,0.0,7,7,14.0,1.0,recent_frequency_increase
user_000038,大样本近期高频_0539,8,last_7_days,1,large_high_freq_0539,0.3333333333333333,8,9,16.0,0.888889,recent_frequency_increase
user_000814,大样本近期高频_0540,4,last_7_days,1,large_high_freq_0540,0.0,4,4,8.0,1.0,recent_frequency_increase
user_001850,大样本近期高频_0541,5,last_7_days,1,large_high_freq_0541,0.3333333333333333,5,6,10.0,0.833333,recent_frequency_increase
user_000715,大样本近期高频_0542,6,last_7_days,1,large_high_freq_0542,0.0,6,6,12.0,1.0,recent_frequency_increase
user_001263,大样本近期高频_0543,7,last_7_days,1,large_high_freq_0543,0.3333333333333333,7,8,14.0,0.875,recent_frequency_increase
user_000058,大样本近期高频_0544,8,last_7_days,1,large_high_freq_0544,0.0,8,8,16.0,1.0,recent_frequency_increase
user_001352,大样本近期高频_0545,4,last_7_days,1,large_high_freq_0545,0.3333333333333333,4,5,8.0,0.8,recent_frequency_increase
user_001706,大样本近期高频_0546,5,last_7_days,1,large_high_freq_0546,0.0,5,5,10.0,1.0,recent_frequency_increase
user_001328,大样本近期高频_0547,6,last_7_days,1,large_high_freq_0547,0.3333333333333333,6,7,12.0,0.857143,recent_frequency_increase
user_001431,大样本近期高频_0548,7,last_7_days,1,large_high_freq_0548,0.0,7,7,14.0,1.0,recent_frequency_increase
user_000871,大样本近期高频_0549,8,last_7_days,1,large_high_freq_0549,0.3333333333333333,8,9,16.0,0.888889,recent_frequency_increase
user_000268,大样本近期高频_0550,4,last_7_days,1,large_high_freq_0550,0.0,4,4,8.0,1.0,recent_frequency_increase
user_001421,大样本近期高频_0551,5,last_7_days,1,large_high_freq_0551,0.3333333333333333,5,6,10.0,0.833333,recent_frequency_increase
user_000637,大样本近期高频_0552,6,last_7_days,1,large_high_freq_0552,0.0,6,6,12.0,1.0,recent_frequency_increase
user_000862,大样本近期高频_0553,7,last_7_days,1,large_high_freq_0553,0.3333333333333333,7,8,14.0,0.875,recent_frequency_increase
user_001661,大样本近期高频_0554,8,last_7_days,1,large_high_freq_0554,0.0,8,8,16.0,1.0,recent_frequency_increase
user_000680,大样本近期高频_0555,4,last_7_days,1,large_high_freq_0555,0.3333333333333333,4,5,8.0,0.8,recent_frequency_increase
user_000933,大样本近期高频_0556,5,last_7_days,1,large_high_freq_0556,0.0,5,5,10.0,1.0,recent_frequency_increase
user_000529,大样本近期高频_0557,6,last_7_days,1,large_high_freq_0557,0.3333333333333333,6,7,12.0,0.857143,recent_frequency_increase
user_001767,大样本近期高频_0558,7,last_7_days,1,large_high_freq_0558,0.0,7,7,14.0,1.0,recent_frequency_increase
user_001820,大样本近期高频_0559,8,last_7_days,1,large_high_freq_0559,0.3333333333333333,8,9,16.0,0.888889,recent_frequency_increase
user_001385,大样本近期高频_0560,4,last_7_days,1,large_high_freq_0560,0.0,4,4,8.0,1.0,recent_frequency_increase
user_001949,大样本近期高频_0561,5,last_7_days,1,large_high_freq_0561,0.3333333333333333,5,6,10.0,0.833333,recent_frequency_increase
user_000370,大样本近期高频_0562,6,last_7_days,1,large_high_freq_0562,0.0,6,6,12.0,1.0,recent_frequency_increase
user_001997,大样本近期高频_0563,7,last_7_days,1,large_high_freq_0563,0.3333333333333333,7,8,14.0,0.875,recent_frequency_increase
user_000616,大样本近期高频_0564,8,last_7_days,1,large_high_freq_0564,0.0,8,8,16.0,1.0,recent_frequency_increase
user_000928,大样本近期高频_0565,4,last_7_days,1,large_high_freq_0565,0.3333333333333333,4,5,8.0,0.8,recent_frequency_increase
user_001128,大样本近期高频_0566,5,last_7_days,1,large_high_freq_0566,0.0,5,5,10.0,1.0,recent_frequency_increase
user_001169,大样本近期高频_0567,6,last_7_days,1,large_high_freq_0567,0.3333333333333333,6,7,12.0,0.857143,recent_frequency_increase
user_000115,大样本近期高频_0568,7,last_7_days,1,large_high_freq_0568,0.0,7,7,14.0,1.0,recent_frequency_increase
user_000768,大样本近期高频_0569,8,last_7_days,1,large_high_freq_0569,0.3333333333333333,8,9,16.0,0.888889,recent_frequency_increase
user_000927,大样本近期高频_0570,4,last_7_days,1,large_high_freq_0570,0.0,4,4,8.0,1.0,recent_frequency_increase
user_000120,大样本近期高频_0571,5,last_7_days,1,large_high_freq_0571,0.3333333333333333,5,6,10.0,0.833333,recent_frequency_increase
user_001026,大样本近期高频_0572,6,last_7_days,1,large_high_freq_0572,0.0,6,6,12.0,1.0,recent_frequency_increase
user_000847,大样本近期高频_0573,7,last_7_days,1,large_high_freq_0573,0.3333333333333333,7,8,14.0,0.875,recent_frequency_increase
user_001905,大样本近期高频_0574,8,last_7_days,1,large_high_freq_0574,0.0,8,8,16.0,1.0,recent_frequency_increase
user_000966,大样本近期高频_0575,4,last_7_days,1,large_high_freq_0575,0.3333333333333333,4,5,8.0,0.8,recent_frequency_increase
user_001399,大样本近期高频_0576,5,last_7_days,1,large_high_freq_0576,0.0,5,5,10.0,1.0,recent_frequency_increase
user_001044,大样本近期高频_0577,6,last_7_days,1,large_high_freq_0577,0.3333333333333333,6,7,12.0,0.857143,recent_frequency_increase
user_001157,大样本近期高频_0578,7,last_7_days,1,large_high_freq_0578,0.0,7,7,14.0,1.0,recent_frequency_increase
user_000081,大样本近期高频_0579,8,last_7_days,1,large_high_freq_0579,0.3333333333333333,8,9,16.0,0.888889,recent_frequency_increase
user_001017,大样本近期高频_0580,4,last_7_days,1,large_high_freq_0580,0.0,4,4,8.0,1.0,recent_frequency_increase
user_001230,大样本近期高频_0581,5,last_7_days,1,large_high_freq_0581,0.3333333333333333,5,6,10.0,0.833333,recent_frequency_increase
user_001208,大样本近期高频_0582,6,last_7_days,1,large_high_freq_0582,0.0,6,6,12.0,1.0,recent_frequency_increase
user_000102,大样本近期高频_0583,7,last_7_days,1,large_high_freq_0583,0.3333333333333333,7,8,14.0,0.875,recent_frequency_increase
user_000413,大样本近期高频_0584,8,last_7_days,1,large_high_freq_0584,0.0,8,8,16.0,1.0,recent_frequency_increase
user_001677,大样本近期高频_0585,4,last_7_days,1,large_high_freq_0585,0.3333333333333333,4,5,8.0,0.8,recent_frequency_increase
user_001002,大样本近期高频_0586,5,last_7_days,1,large_high_freq_0586,0.0,5,5,10.0,1.0,recent_frequency_increase
user_001571,大样本近期高频_0587,6,last_7_days,1,large_high_freq_0587,0.3333333333333333,6,7,12.0,0.857143,recent_frequency_increase
user_001414,大样本近期高频_0588,7,last_7_days,1,large_high_freq_0588,0.0,7,7,14.0,1.0,recent_frequency_increase
user_000156,大样本近期高频_0589,8,last_7_days,1,large_high_freq_0589,0.3333333333333333,8,9,16.0,0.888889,recent_frequency_increase
user_001177,大样本近期高频_0590,4,last_7_days,1,large_high_freq_0590,0.0,4,4,8.0,1.0,recent_frequency_increase
user_001013,大样本近期高频_0591,5,last_7_days,1,large_high_freq_0591,0.3333333333333333,5,6,10.0,0.833333,recent_frequency_increase
user_000667,大样本近期高频_0592,6,last_7_days,1,large_high_freq_0592,0.0,6,6,12.0,1.0,recent_frequency_increase
user_000302,大样本近期高频_0593,7,last_7_days,1,large_high_freq_0593,0.3333333333333333,7,8,14.0,0.875,recent_frequency_increase
user_001740,大样本近期高频_0594,8,last_7_days,1,large_high_freq_0594,0.0,8,8,16.0,1.0,recent_frequency_increase
user_000553,大样本近期高频_0595,4,last_7_days,1,large_high_freq_0595,0.3333333333333333,4,5,8.0,0.8,recent_frequency_increase
user_001074,大样本近期高频_0596,5,last_7_days,1,large_high_freq_0596,0.0,5,5,10.0,1.0,recent_frequency_increase
user_000717,大样本近期高频_0597,6,last_7_days,1,large_high_freq_0597,0.3333333333333333,6,7,12.0,0.857143,recent_frequency_increase
user_000803,大样本近期高频_0598,7,last_7_days,1,large_high_freq_0598,0.0,7,7,14.0,1.0,recent_frequency_increase
user_001922,大样本近期高频_0599,8,last_7_days,1,large_high_freq_0599,0.3333333333333333,8,9,16.0,0.888889,recent_frequency_increase
user_000135,大样本近期高频_0600,4,last_7_days,1,large_high_freq_0600,0.0,4,4,8.0,1.0,recent_frequency_increase
user_001719,大样本近期高频_0601,5,last_7_days,1,large_high_freq_0601,0.3333333333333333,5,6,10.0,0.833333,recent_frequency_increase
user_000902,大样本近期高频_0602,6,last_7_days,1,large_high_freq_0602,0.0,6,6,12.0,1.0,recent_frequency_increase
user_001214,大样本近期高频_0603,7,last_7_days,1,large_high_freq_0603,0.3333333333333333,7,8,14.0,0.875,recent_frequency_increase
user_001284,大样本近期高频_0604,8,last_7_days,1,large_high_freq_0604,0.0,8,8,16.0,1.0,recent_frequency_increase
user_000048,大样本近期高频_0605,4,last_7_days,1,large_high_freq_0605,0.3333333333333333,4,5,8.0,0.8,recent_frequency_increase
user_000980,大样本近期高频_0606,5,last_7_days,1,large_high_freq_0606,0.0,5,5,10.0,1.0,recent_frequency_increase
user_000009,大样本近期高频_0607,6,last_7_days,1,large_high_freq_0607,0.3333333333333333,6,7,12.0,0.857143,recent_frequency_increase
user_001548,大样本近期高频_0608,7,last_7_days,1,large_high_freq_0608,0.0,7,7,14.0,1.0,recent_frequency_increase
user_000260,大样本近期高频_0609,8,last_7_days,1,large_high_freq_0609,0.3333333333333333,8,9,16.0,0.888889,recent_frequency_increase
user_000223,大样本近期高频_0610,4,last_7_days,1,large_high_freq_0610,0.0,4,4,8.0,1.0,recent_frequency_increase
user_001814,大样本近期高频_0611,5,last_7_days,1,large_high_freq_0611,0.3333333333333333,5,6,10.0,0.833333,recent_frequency_increase
user_000822,大样本近期高频_0612,6,last_7_days,1,large_high_freq_0612,0.0,6,6,12.0,1.0,recent_frequency_increase
user_001100,大样本近期高频_0613,7,last_7_days,1,large_high_freq_0613,0.3333333333333333,7,8,14.0,0.875,recent_frequency_increase
user_000137,大样本近期高频_0614,8,last_7_days,1,large_high_freq_0614,0.0,8,8,16.0,1.0,recent_frequency_increase
user_001656,大样本近期高频_0615,4,last_7_days,1,large_high_freq_0615,0.3333333333333333,4,5,8.0,0.8,recent_frequency_increase
user_001770,大样本近期高频_0616,5,last_7_days,1,large_high_freq_0616,0.0,5,5,10.0,1.0,recent_frequency_increase
user_001001,大样本近期高频_0617,6,last_7_days,1,large_high_freq_0617,0.3333333333333333,6,7,12.0,0.857143,recent_frequency_increase
user_001273,大样本近期高频_0618,7,last_7_days,1,large_high_freq_0618,0.0,7,7,14.0,1.0,recent_frequency_increase
user_000880,大样本近期高频_0619,8,last_7_days,1,large_high_freq_0619,0.3333333333333333,8,9,16.0,0.888889,recent_frequency_increase
user_000254,大样本近期高频_0620,4,last_7_days,1,large_high_freq_0620,0.0,4,4,8.0,1.0,recent_frequency_increase
user_001822,大样本近期高频_0621,5,last_7_days,1,large_high_freq_0621,0.3333333333333333,5,6,10.0,0.833333,recent_frequency_increase
user_000312,大样本近期高频_0622,6,last_7_days,1,large_high_freq_0622,0.0,6,6,12.0,1.0,recent_frequency_increase
user_001066,大样本近期高频_0623,7,last_7_days,1,large_high_freq_0623,0.3333333333333333,7,8,14.0,0.875,recent_frequency_increase
user_001711,大样本近期高频_0624,8,last_7_days,1,large_high_freq_0624,0.0,8,8,16.0,1.0,recent_frequency_increase
user_000259,大样本近期高频_0625,4,last_7_days,1,large_high_freq_0625,0.3333333333333333,4,5,8.0,0.8,recent_frequency_increase
user_000196,大样本近期高频_0626,5,last_7_days,1,large_high_freq_0626,0.0,5,5,10.0,1.0,recent_frequency_increase
user_000777,大样本近期高频_0627,6,last_7_days,1,large_high_freq_0627,0.3333333333333333,6,7,12.0,0.857143,recent_frequency_increase
user_001771,大样本近期高频_0628,7,last_7_days,1,large_high_freq_0628,0.0,7,7,14.0,1.0,recent_frequency_increase
user_000231,大样本近期高频_0629,8,last_7_days,1,large_high_freq_0629,0.3333333333333333,8,9,16.0,0.888889,recent_frequency_increase
user_001368,大样本近期高频_0630,4,last_7_days,1,large_high_freq_0630,0.0,4,4,8.0,1.0,recent_frequency_increase
user_001815,大样本近期高频_0631,5,last_7_days,1,large_high_freq_0631,0.3333333333333333,5,6,10.0,0.833333,recent_frequency_increase
user_001888,大样本近期高频_0632,6,last_7_days,1,large_high_freq_0632,0.0,6,6,12.0,1.0,recent_frequency_increase
user_001550,大样本近期高频_0633,7,last_7_days,1,large_high_freq_0633,0.3333333333333333,7,8,14.0,0.875,recent_frequency_increase
user_000003,大样本近期高频_0634,8,last_7_days,1,large_high_freq_0634,0.0,8,8,16.0,1.0,recent_frequency_increase
user_001778,大样本近期高频_0635,4,last_7_days,1,large_high_freq_0635,0.3333333333333333,4,5,8.0,0.8,recent_frequency_increase
user_000373,大样本近期高频_0636,5,last_7_days,1,large_high_freq_0636,0.0,5,5,10.0,1.0,recent_frequency_increase
user_001118,大样本近期高频_0637,6,last_7_days,1,large_high_freq_0637,0.3333333333333333,6,7,12.0,0.857143,recent_frequency_increase
user_001857,大样本近期高频_0638,7,last_7_days,1,large_high_freq_0638,0.0,7,7,14.0,1.0,recent_frequency_increase
user_001442,大样本近期高频_0639,8,last_7_days,1,large_high_freq_0639,0.3333333333333333,8,9,16.0,0.888889,recent_frequency_increase
user_001191,大样本近期高频_0640,4,last_7_days,1,large_high_freq_0640,0.0,4,4,8.0,1.0,recent_frequency_increase
user_000730,大样本近期高频_0641,5,last_7_days,1,large_high_freq_0641,0.3333333333333333,5,6,10.0,0.833333,recent_frequency_increase
user_000346,大样本近期高频_0642,6,last_7_days,1,large_high_freq_0642,0.0,6,6,12.0,1.0,recent_frequency_increase
user_000480,大样本近期高频_0643,7,last_7_days,1,large_high_freq_0643,0.3333333333333333,7,8,14.0,0.875,recent_frequency_increase
user_000802,大样本近期高频_0644,8,last_7_days,1,large_high_freq_0644,0.0,8,8,16.0,1.0,recent_frequency_increase
user_000330,大样本近期高频_0645,4,last_7_days,1,large_high_freq_0645,0.3333333333333333,4,5,8.0,0.8,recent_frequency_increase
user_001308,大样本近期高频_0646,5,last_7_days,1,large_high_freq_0646,0.0,5,5,10.0,1.0,recent_frequency_increase
user_001758,大样本近期高频_0647,6,last_7_days,1,large_high_freq_0647,0.3333333333333333,6,7,12.0,0.857143,recent_frequency_increase
user_000863,大样本近期高频_0648,7,last_7_days,1,large_high_freq_0648,0.0,7,7,14.0,1.0,recent_frequency_increase
user_001939,大样本近期高频_0649,8,last_7_days,1,large_high_freq_0649,0.3333333333333333,8,9,16.0,0.888889,recent_frequency_increase
user_001928,大样本近期高频_0650,4,last_7_days,1,large_high_freq_0650,0.0,4,4,8.0,1.0,recent_frequency_increase
user_001910,大样本近期高频_0651,5,last_7_days,1,large_high_freq_0651,0.3333333333333333,5,6,10.0,0.833333,recent_frequency_increase
user_000020,大样本近期高频_0652,6,last_7_days,1,large_high_freq_0652,0.0,6,6,12.0,1.0,recent_frequency_increase
user_000996,大样本近期高频_0653,7,last_7_days,1,large_high_freq_0653,0.3333333333333333,7,8,14.0,0.875,recent_frequency_increase
user_000559,大样本近期高频_0654,8,last_7_days,1,large_high_freq_0654,0.0,8,8,16.0,1.0,recent_frequency_increase
user_001765,大样本近期高频_0655,4,last_7_days,1,large_high_freq_0655,0.3333333333333333,4,5,8.0,0.8,recent_frequency_increase
user_001759,大样本近期高频_0656,5,last_7_days,1,large_high_freq_0656,0.0,5,5,10.0,1.0,recent_frequency_increase
user_001475,大样本近期高频_0657,6,last_7_days,1,large_high_freq_0657,0.3333333333333333,6,7,12.0,0.857143,recent_frequency_increase
user_001535,大样本近期高频_0658,7,last_7_days,1,large_high_freq_0658,0.0,7,7,14.0,1.0,recent_frequency_increase
user_000290,大样本近期高频_0659,8,last_7_days,1,large_high_freq_0659,0.3333333333333333,8,9,16.0,0.888889,recent_frequency_increase
user_001389,大样本近期高频_0660,4,last_7_days,1,large_high_freq_0660,0.0,4,4,8.0,1.0,recent_frequency_increase
user_000419,大样本近期高频_0661,5,last_7_days,1,large_high_freq_0661,0.3333333333333333,5,6,10.0,0.833333,recent_frequency_increase
user_000573,大样本近期高频_0662,6,last_7_days,1,large_high_freq_0662,0.0,6,6,12.0,1.0,recent_frequency_increase
user_000176,大样本近期高频_0663,7,last_7_days,1,large_high_freq_0663,0.3333333333333333,7,8,14.0,0.875,recent_frequency_increase
user_000159,大样本近期高频_0664,8,last_7_days,1,large_high_freq_0664,0.0,8,8,16.0,1.0,recent_frequency_increase
user_001799,大样本近期高频_0665,4,last_7_days,1,large_high_freq_0665,0.3333333333333333,4,5,8.0,0.8,recent_frequency_increase
user_000191,大样本近期高频_0666,5,last_7_days,1,large_high_freq_0666,0.0,5,5,10.0,1.0,recent_frequency_increase
user_000703,大样本近期高频_0667,6,last_7_days,1,large_high_freq_0667,0.3333333333333333,6,7,12.0,0.857143,recent_frequency_increase
user_000991,大样本近期高频_0668,7,last_7_days,1,large_high_freq_0668,0.0,7,7,14.0,1.0,recent_frequency_increase
user_000310,大样本近期高频_0669,8,last_7_days,1,large_high_freq_0669,0.3333333333333333,8,9,16.0,0.888889,recent_frequency_increase
user_000561,大样本近期高频_0670,4,last_7_days,1,large_high_freq_0670,0.0,4,4,8.0,1.0,recent_frequency_increase
user_000912,大样本近期高频_0671,5,last_7_days,1,large_high_freq_0671,0.3333333333333333,5,6,10.0,0.833333,recent_frequency_increase
user_001639,大样本近期高频_0672,6,last_7_days,1,large_high_freq_0672,0.0,6,6,12.0,1.0,recent_frequency_increase
user_001138,大样本近期高频_0673,7,last_7_days,1,large_high_freq_0673,0.3333333333333333,7,8,14.0,0.875,recent_frequency_increase
user_001323,大样本近期高频_0674,8,last_7_days,1,large_high_freq_0674,0.0,8,8,16.0,1.0,recent_frequency_increase
user_000891,大样本近期高频_0675,4,last_7_days,1,large_high_freq_0675,0.3333333333333333,4,5,8.0,0.8,recent_frequency_increase
user_001801,大样本近期高频_0676,5,last_7_days,1,large_high_freq_0676,0.0,5,5,10.0,1.0,recent_frequency_increase
user_000017,大样本近期高频_0677,6,last_7_days,1,large_high_freq_0677,0.3333333333333333,6,7,12.0,0.857143,recent_frequency_increase
user_001739,大样本近期高频_0678,7,last_7_days,1,large_high_freq_0678,0.0,7,7,14.0,1.0,recent_frequency_increase
user_000830,大样本近期高频_0679,8,last_7_days,1,large_high_freq_0679,0.3333333333333333,8,9,16.0,0.888889,recent_frequency_increase
user_000378,大样本近期高频_0680,4,last_7_days,1,large_high_freq_0680,0.0,4,4,8.0,1.0,recent_frequency_increase
user_001427,大样本近期高频_0681,5,last_7_days,1,large_high_freq_0681,0.3333333333333333,5,6,10.0,0.833333,recent_frequency_increase
user_002000,大样本近期高频_0682,6,last_7_days,1,large_high_freq_0682,0.0,6,6,12.0,1.0,recent_frequency_increase
user_001827,大样本近期高频_0683,7,last_7_days,1,large_high_freq_0683,0.3333333333333333,7,8,14.0,0.875,recent_frequency_increase
user_000780,大样本近期高频_0684,8,last_7_days,1,large_high_freq_0684,0.0,8,8,16.0,1.0,recent_frequency_increase
user_001793,大样本近期高频_0685,4,last_7_days,1,large_high_freq_0685,0.3333333333333333,4,5,8.0,0.8,recent_frequency_increase
user_001051,大样本近期高频_0686,5,last_7_days,1,large_high_freq_0686,0.0,5,5,10.0,1.0,recent_frequency_increase
user_001485,大样本近期高频_0687,6,last_7_days,1,large_high_freq_0687,0.3333333333333333,6,7,12.0,0.857143,recent_frequency_increase
user_001665,大样本近期高频_0688,7,last_7_days,1,large_high_freq_0688,0.0,7,7,14.0,1.0,recent_frequency_increase
user_001390,大样本近期高频_0689,8,last_7_days,1,large_high_freq_0689,0.3333333333333333,8,9,16.0,0.888889,recent_frequency_increase
user_000671,大样本近期高频_0690,4,last_7_days,1,large_high_freq_0690,0.0,4,4,8.0,1.0,recent_frequency_increase
user_001306,大样本近期高频_0691,5,last_7_days,1,large_high_freq_0691,0.3333333333333333,5,6,10.0,0.833333,recent_frequency_increase
user_001851,大样本近期高频_0692,6,last_7_days,1,large_high_freq_0692,0.0,6,6,12.0,1.0,recent_frequency_increase
user_001562,大样本近期高频_0693,7,last_7_days,1,large_high_freq_0693,0.3333333333333333,7,8,14.0,0.875,recent_frequency_increase
user_000776,大样本近期高频_0694,8,last_7_days,1,large_high_freq_0694,0.0,8,8,16.0,1.0,recent_frequency_increase
user_000209,大样本近期高频_0695,4,last_7_days,1,large_high_freq_0695,0.3333333333333333,4,5,8.0,0.8,recent_frequency_increase
user_001068,大样本近期高频_0696,5,last_7_days,1,large_high_freq_0696,0.0,5,5,10.0,1.0,recent_frequency_increase
user_000219,大样本近期高频_0697,6,last_7_days,1,large_high_freq_0697,0.3333333333333333,6,7,12.0,0.857143,recent_frequency_increase
user_001406,大样本近期高频_0698,7,last_7_days,1,large_high_freq_0698,0.0,7,7,14.0,1.0,recent_frequency_increase
user_001819,大样本近期高频_0699,8,last_7_days,1,large_high_freq_0699,0.3333333333333333,8,9,16.0,0.888889,recent_frequency_increase
user_001069,大样本近期高频_0700,4,last_7_days,1,large_high_freq_0700,0.0,4,4,8.0,1.0,recent_frequency_increase
user_000840,大样本近期高频_0701,5,last_7_days,1,large_high_freq_0701,0.3333333333333333,5,6,10.0,0.833333,recent_frequency_increase
user_000719,大样本近期高频_0702,6,last_7_days,1,large_high_freq_0702,0.0,6,6,12.0,1.0,recent_frequency_increase
user_000090,大样本近期高频_0703,7,last_7_days,1,large_high_freq_0703,0.3333333333333333,7,8,14.0,0.875,recent_frequency_increase
user_001172,大样本近期高频_0704,8,last_7_days,1,large_high_freq_0704,0.0,8,8,16.0,1.0,recent_frequency_increase
user_001516,大样本近期高频_0705,4,last_7_days,1,large_high_freq_0705,0.3333333333333333,4,5,8.0,0.8,recent_frequency_increase
user_000883,大样本近期高频_0706,5,last_7_days,1,large_high_freq_0706,0.0,5,5,10.0,1.0,recent_frequency_increase
user_000720,大样本近期高频_0707,6,last_7_days,1,large_high_freq_0707,0.3333333333333333,6,7,12.0,0.857143,recent_frequency_increase
user_000899,大样本近期高频_0708,7,last_7_days,1,large_high_freq_0708,0.0,7,7,14.0,1.0,recent_frequency_increase
user_000327,大样本近期高频_0709,8,last_7_days,1,large_high_freq_0709,0.3333333333333333,8,9,16.0,0.888889,recent_frequency_increase
user_001171,大样本近期高频_0710,4,last_7_days,1,large_high_freq_0710,0.0,4,4,8.0,1.0,recent_frequency_increase
user_000406,大样本近期高频_0711,5,last_7_days,1,large_high_freq_0711,0.3333333333333333,5,6,10.0,0.833333,recent_frequency_increase
user_000109,大样本近期高频_0712,6,last_7_days,1,large_high_freq_0712,0.0,6,6,12.0,1.0,recent_frequency_increase
user_001106,大样本近期高频_0713,7,last_7_days,1,large_high_freq_0713,0.3333333333333333,7,8,14.0,0.875,recent_frequency_increase
user_000972,大样本近期高频_0714,8,last_7_days,1,large_high_freq_0714,0.0,8,8,16.0,1.0,recent_frequency_increase
user_000896,大样本近期高频_0715,4,last_7_days,1,large_high_freq_0715,0.3333333333333333,4,5,8.0,0.8,recent_frequency_increase
user_000400,大样本近期高频_0716,5,last_7_days,1,large_high_freq_0716,0.0,5,5,10.0,1.0,recent_frequency_increase
user_000161,大样本近期高频_0717,6,last_7_days,1,large_high_freq_0717,0.3333333333333333,6,7,12.0,0.857143,recent_frequency_increase
user_000821,大样本近期高频_0718,7,last_7_days,1,large_high_freq_0718,0.0,7,7,14.0,1.0,recent_frequency_increase
user_000672,大样本近期高频_0719,8,last_7_days,1,large_high_freq_0719,0.3333333333333333,8,9,16.0,0.888889,recent_frequency_increase
user_001884,大样本近期高频_0720,4,last_7_days,1,large_high_freq_0720,0.0,4,4,8.0,1.0,recent_frequency_increase
user_000341,大样本近期高频_0721,5,last_7_days,1,large_high_freq_0721,0.3333333333333333,5,6,10.0,0.833333,recent_frequency_increase
user_000908,大样本近期高频_0722,6,last_7_days,1,large_high_freq_0722,0.0,6,6,12.0,1.0,recent_frequency_increase
user_001925,大样本近期高频_0723,7,last_7_days,1,large_high_freq_0723,0.3333333333333333,7,8,14.0,0.875,recent_frequency_increase
user_000126,大样本近期高频_0724,8,last_7_days,1,large_high_freq_0724,0.0,8,8,16.0,1.0,recent_frequency_increase
user_000955,大样本近期高频_0725,4,last_7_days,1,large_high_freq_0725,0.3333333333333333,4,5,8.0,0.8,recent_frequency_increase
user_001291,大样本近期高频_0726,5,last_7_days,1,large_high_freq_0726,0.0,5,5,10.0,1.0,recent_frequency_increase
user_000705,大样本近期高频_0727,6,last_7_days,1,large_high_freq_0727,0.3333333333333333,6,7,12.0,0.857143,recent_frequency_increase
user_000031,大样本近期高频_0728,7,last_7_days,1,large_high_freq_0728,0.0,7,7,14.0,1.0,recent_frequency_increase
user_001964,大样本近期高频_0729,8,last_7_days,1,large_high_freq_0729,0.3333333333333333,8,9,16.0,0.888889,recent_frequency_increase
user_000909,大样本近期高频_0730,4,last_7_days,1,large_high_freq_0730,0.0,4,4,8.0,1.0,recent_frequency_increase
user_001335,大样本近期高频_0731,5,last_7_days,1,large_high_freq_0731,0.3333333333333333,5,6,10.0,0.833333,recent_frequency_increase
user_001280,大样本近期高频_0732,6,last_7_days,1,large_high_freq_0732,0.0,6,6,12.0,1.0,recent_frequency_increase
user_000275,大样本近期高频_0733,7,last_7_days,1,large_high_freq_0733,0.3333333333333333,7,8,14.0,0.875,recent_frequency_increase
user_000468,大样本近期高频_0734,8,last_7_days,1,large_high_freq_0734,0.0,8,8,16.0,1.0,recent_frequency_increase
user_001536,大样本近期高频_0735,4,last_7_days,1,large_high_freq_0735,0.3333333333333333,4,5,8.0,0.8,recent_frequency_increase
user_000808,大样本近期高频_0736,5,last_7_days,1,large_high_freq_0736,0.0,5,5,10.0,1.0,recent_frequency_increase
user_001506,大样本近期高频_0737,6,last_7_days,1,large_high_freq_0737,0.3333333333333333,6,7,12.0,0.857143,recent_frequency_increase
user_001638,大样本近期高频_0738,7,last_7_days,1,large_high_freq_0738,0.0,7,7,14.0,1.0,recent_frequency_increase
user_000555,大样本近期高频_0739,8,last_7_days,1,large_high_freq_0739,0.3333333333333333,8,9,16.0,0.888889,recent_frequency_increase
user_000005,大样本近期高频_0740,4,last_7_days,1,large_high_freq_0740,0.0,4,4,8.0,1.0,recent_frequency_increase
user_001786,大样本近期高频_0741,5,last_7_days,1,large_high_freq_0741,0.3333333333333333,5,6,10.0,0.833333,recent_frequency_increase
user_000220,大样本近期高频_0742,6,last_7_days,1,large_high_freq_0742,0.0,6,6,12.0,1.0,recent_frequency_increase
user_001504,大样本近期高频_0743,7,last_7_days,1,large_high_freq_0743,0.3333333333333333,7,8,14.0,0.875,recent_frequency_increase
user_000399,大样本近期高频_0744,8,last_7_days,1,large_high_freq_0744,0.0,8,8,16.0,1.0,recent_frequency_increase
user_000606,大样本近期高频_0745,4,last_7_days,1,large_high_freq_0745,0.3333333333333333,4,5,8.0,0.8,recent_frequency_increase
user_001669,大样本近期高频_0746,5,last_7_days,1,large_high_freq_0746,0.0,5,5,10.0,1.0,recent_frequency_increase
user_000441,大样本近期高频_0747,6,last_7_days,1,large_high_freq_0747,0.3333333333333333,6,7,12.0,0.857143,recent_frequency_increase
user_001347,大样本近期高频_0748,7,last_7_days,1,large_high_freq_0748,0.0,7,7,14.0,1.0,recent_frequency_increase
user_000825,大样本近期高频_0749,8,last_7_days,1,large_high_freq_0749,0.3333333333333333,8,9,16.0,0.888889,recent_frequency_increase
user_001072,大样本近期高频_0750,4,last_7_days,1,large_high_freq_0750,0.0,4,4,8.0,1.0,recent_frequency_increase
user_000165,大样本近期高频_0751,5,last_7_days,1,large_high_freq_0751,0.3333333333333333,5,6,10.0,0.833333,recent_frequency_increase
user_000624,大样本近期高频_0752,6,last_7_days,1,large_high_freq_0752,0.0,6,6,12.0,1.0,recent_frequency_increase
user_001244,大样本近期高频_0753,7,last_7_days,1,large_high_freq_0753,0.3333333333333333,7,8,14.0,0.875,recent_frequency_increase
user_001970,大样本近期高频_0754,8,last_7_days,1,large_high_freq_0754,0.0,8,8,16.0,1.0,recent_frequency_increase
user_000335,大样本近期高频_0755,4,last_7_days,1,large_high_freq_0755,0.3333333333333333,4,5,8.0,0.8,recent_frequency_increase
user_001732,大样本近期高频_0756,5,last_7_days,1,large_high_freq_0756,0.0,5,5,10.0,1.0,recent_frequency_increase
user_000074,大样本近期高频_0757,6,last_7_days,1,large_high_freq_0757,0.3333333333333333,6,7,12.0,0.857143,recent_frequency_increase
user_000325,大样本近期高频_0758,7,last_7_days,1,large_high_freq_0758,0.0,7,7,14.0,1.0,recent_frequency_increase
user_001763,大样本近期高频_0759,8,last_7_days,1,large_high_freq_0759,0.3333333333333333,8,9,16.0,0.888889,recent_frequency_increase
user_000736,大样本近期高频_0760,4,last_7_days,1,large_high_freq_0760,0.0,4,4,8.0,1.0,recent_frequency_increase
user_000084,大样本近期高频_0761,5,last_7_days,1,large_high_freq_0761,0.3333333333333333,5,6,10.0,0.833333,recent_frequency_increase
user_001913,大样本近期高频_0762,6,last_7_days,1,large_high_freq_0762,0.0,6,6,12.0,1.0,recent_frequency_increase
user_000750,大样本近期高频_0763,7,last_7_days,1,large_high_freq_0763,0.3333333333333333,7,8,14.0,0.875,recent_frequency_increase
user_000676,大样本近期高频_0764,8,last_7_days,1,large_high_freq_0764,0.0,8,8,16.0,1.0,recent_frequency_increase
user_000562,大样本近期高频_0765,4,last_7_days,1,large_high_freq_0765,0.3333333333333333,4,5,8.0,0.8,recent_frequency_increase
user_000389,大样本近期高频_0766,5,last_7_days,1,large_high_freq_0766,0.0,5,5,10.0,1.0,recent_frequency_increase
user_000895,大样本近期高频_0767,6,last_7_days,1,large_high_freq_0767,0.3333333333333333,6,7,12.0,0.857143,recent_frequency_increase
user_000532,大样本近期高频_0768,7,last_7_days,1,large_high_freq_0768,0.0,7,7,14.0,1.0,recent_frequency_increase
user_000571,大样本近期高频_0769,8,last_7_days,1,large_high_freq_0769,0.3333333333333333,8,9,16.0,0.888889,recent_frequency_increase
user_000925,大样本近期高频_0770,4,last_7_days,1,large_high_freq_0770,0.0,4,4,8.0,1.0,recent_frequency_increase
user_000442,大样本近期高频_0771,5,last_7_days,1,large_high_freq_0771,0.3333333333333333,5,6,10.0,0.833333,recent_frequency_increase
user_000794,大样本近期高频_0772,6,last_7_days,1,large_high_freq_0772,0.0,6,6,12.0,1.0,recent_frequency_increase
user_001473,大样本近期高频_0773,7,last_7_days,1,large_high_freq_0773,0.3333333333333333,7,8,14.0,0.875,recent_frequency_increase
user_000363,大样本近期高频_0774,8,last_7_days,1,large_high_freq_0774,0.0,8,8,16.0,1.0,recent_frequency_increase
user_000869,大样本近期高频_0775,4,last_7_days,1,large_high_freq_0775,0.3333333333333333,4,5,8.0,0.8,recent_frequency_increase
user_000842,大样本近期高频_0776,5,last_7_days,1,large_high_freq_0776,0.0,5,5,10.0,1.0,recent_frequency_increase
user_000097,大样本近期高频_0777,6,last_7_days,1,large_high_freq_0777,0.3333333333333333,6,7,12.0,0.857143,recent_frequency_increase
user_000228,大样本近期高频_0778,7,last_7_days,1,large_high_freq_0778,0.0,7,7,14.0,1.0,recent_frequency_increase
user_000778,大样本近期高频_0779,8,last_7_days,1,large_high_freq_0779,0.3333333333333333,8,9,16.0,0.888889,recent_frequency_increase
user_001418,大样本近期高频_0780,4,last_7_days,1,large_high_freq_0780,0.0,4,4,8.0,1.0,recent_frequency_increase
user_001314,大样本近期高频_0781,5,last_7_days,1,large_high_freq_0781,0.3333333333333333,5,6,10.0,0.833333,recent_frequency_increase
user_001086,大样本近期高频_0782,6,last_7_days,1,large_high_freq_0782,0.0,6,6,12.0,1.0,recent_frequency_increase
user_000579,大样本近期高频_0783,7,last_7_days,1,large_high_freq_0783,0.3333333333333333,7,8,14.0,0.875,recent_frequency_increase
user_001547,大样本近期高频_0784,8,last_7_days,1,large_high_freq_0784,0.0,8,8,16.0,1.0,recent_frequency_increase
user_001226,大样本近期高频_0785,4,last_7_days,1,large_high_freq_0785,0.3333333333333333,4,5,8.0,0.8,recent_frequency_increase
user_000374,大样本近期高频_0786,5,last_7_days,1,large_high_freq_0786,0.0,5,5,10.0,1.0,recent_frequency_increase
user_000598,大样本近期高频_0787,6,last_7_days,1,large_high_freq_0787,0.3333333333333333,6,7,12.0,0.857143,recent_frequency_increase
user_000405,大样本近期高频_0788,7,last_7_days,1,large_high_freq_0788,0.0,7,7,14.0,1.0,recent_frequency_increase
user_000699,大样本近期高频_0789,8,last_7_days,1,large_high_freq_0789,0.3333333333333333,8,9,16.0,0.888889,recent_frequency_increase
user_001926,大样本近期高频_0790,4,last_7_days,1,large_high_freq_0790,0.0,4,4,8.0,1.0,recent_frequency_increase
user_001689,大样本近期高频_0791,5,last_7_days,1,large_high_freq_0791,0.3333333333333333,5,6,10.0,0.833333,recent_frequency_increase
user_001458,大样本近期高频_0792,6,last_7_days,1,large_high_freq_0792,0.0,6,6,12.0,1.0,recent_frequency_increase
user_000877,大样本近期高频_0793,7,last_7_days,1,large_high_freq_0793,0.3333333333333333,7,8,14.0,0.875,recent_frequency_increase
user_000758,大样本近期高频_0794,8,last_7_days,1,large_high_freq_0794,0.0,8,8,16.0,1.0,recent_frequency_increase
user_000484,大样本近期高频_0795,4,last_7_days,1,large_high_freq_0795,0.3333333333333333,4,5,8.0,0.8,recent_frequency_increase
user_000369,大样本近期高频_0796,5,last_7_days,1,large_high_freq_0796,0.0,5,5,10.0,1.0,recent_frequency_increase
user_001465,大样本近期高频_0797,6,last_7_days,1,large_high_freq_0797,0.3333333333333333,6,7,12.0,0.857143,recent_frequency_increase
user_000541,大样本近期高频_0798,7,last_7_days,1,large_high_freq_0798,0.0,7,7,14.0,1.0,recent_frequency_increase
user_000099,大样本近期高频_0799,8,last_7_days,1,large_high_freq_0799,0.3333333333333333,8,9,16.0,0.888889,recent_frequency_increase
